Sample,,,,,,,PFBA Results,,,,,,,,,13C4-PFBA Results,,,,,,,,,PFPeA Results,,,,,,,,,13C5-PFPeA Results,,,,,,,,,HFPO-DA Results,,,,,,,,,13C3-HFPO-DA Results,,,,,,,,,PFBS Results,,,,,,,,,13C3-PFBS Results,,,,,,,,,PFHxA Results,,,,,,,,,13C5-PFHxA Results,,,,,,,,,4:2 FTS Results,,,,,,,,,13C2-4:2FTS Results,,,,,,,,,PFPeS Results,,,,,,,,,PFPHpA Results,,,,,,,,,13C4-PFHpA Results,,,,,,,,,ADONA Results,,,,,,,,,PFHxS Results,,,,,,,,,13C3-PFHxS Results,,,,,,,,,PFOA Results,,,,,,,,,13C8-PFOA Results,,,,,,,,,6:2 FTS Results,,,,,,,,,13C2-6:2FTS Results,,,,,,,,,PFHpS Results,,,,,,,,,PFNA Results,,,,,,,,,13C9-PFNA Results,,,,,,,,,PFOSA Results,,,,,,,,,PFOS Results,,,,,,,,,13C8-PFOSA Results,,,,,,,,,13C8-PFOS Results,,,,,,,,,NMeFOSA Results,,,,,,,,,PFDA Results,,,,,,,,,D3-NMeFOSA Results,,,,,,,,,13C6-PFDA Results,,,,,,,,,NEtFOSA Results,,,,,,,,,8:2 FTS Results,,,,,,,,,13C2-8:2FTS Results,,,,,,,,,9Cl-PF3ONS Results,,,,,,,,,D5-NEtFOSA Results,,,,,,,,,PFNS Results,,,,,,,,,PFUnA Results,,,,,,,,,NMeFOSAA Results,,,,,,,,,13C7-PFUnA Results,,,,,,,,,D3-NMeFOSAA Results,,,,,,,,,NEtFOSAA Results,,,,,,,,,D5-NEtFOSAA Results,,,,,,,,,PFDS Results,,,,,,,,,PFDoA Results,,,,,,,,,13C2-PFDoA Results,,,,,,,,,NMeFOSE Results,,,,,,,,,D7-NMeFOSE Results,,,,,,,,,NEtFOSE Results,,,,,,,,,11Cl-PF3OUdS Results,,,,,,,,,D9-NEtFOSE Results,,,,,,,,,PFTrDA Results,,,,,,,,,PFTeDA Results,,,,,,,,,13C2-PFTeDA Results,,,,,,,,
,,Name,Data File,Type,Level,Acq. Date-Time,RT,Final Conc.,Calc. Conc.,Surrogate % Recovery,ISTD Conc. Ratio,Area,S/N,RR,Accuracy,RT,Final Conc.,Calc. Conc.,Surrogate % Recovery,ISTD Conc. Ratio,Area,S/N,RR,Accuracy,RT,Final Conc.,Calc. Conc.,Surrogate % Recovery,ISTD Conc. Ratio,Area,S/N,RR,Accuracy,RT,Final Conc.,Calc. Conc.,Surrogate % Recovery,ISTD Conc. Ratio,Area,S/N,RR,Accuracy,RT,Final Conc.,Calc. Conc.,Surrogate % Recovery,ISTD Conc. Ratio,Area,S/N,RR,Accuracy,RT,Final Conc.,Calc. Conc.,Surrogate % Recovery,ISTD Conc. Ratio,Area,S/N,RR,Accuracy,RT,Final Conc.,Calc. Conc.,Surrogate % Recovery,ISTD Conc. Ratio,Area,S/N,RR,Accuracy,RT,Final Conc.,Calc. Conc.,Surrogate % Recovery,ISTD Conc. Ratio,Area,S/N,RR,Accuracy,RT,Final Conc.,Calc. Conc.,Surrogate % Recovery,ISTD Conc. Ratio,Area,S/N,RR,Accuracy,RT,Final Conc.,Calc. Conc.,Surrogate % Recovery,ISTD Conc. Ratio,Area,S/N,RR,Accuracy,RT,Final Conc.,Calc. Conc.,Surrogate % Recovery,ISTD Conc. Ratio,Area,S/N,RR,Accuracy,RT,Final Conc.,Calc. Conc.,Surrogate % Recovery,ISTD Conc. Ratio,Area,S/N,RR,Accuracy,RT,Final Conc.,Calc. Conc.,Surrogate % Recovery,ISTD Conc. Ratio,Area,S/N,RR,Accuracy,RT,Final Conc.,Calc. Conc.,Surrogate % Recovery,ISTD Conc. Ratio,Area,S/N,RR,Accuracy,RT,Final Conc.,Calc. Conc.,Surrogate % Recovery,ISTD Conc. Ratio,Area,S/N,RR,Accuracy,RT,Final Conc.,Calc. Conc.,Surrogate % Recovery,ISTD Conc. Ratio,Area,S/N,RR,Accuracy,RT,Final Conc.,Calc. Conc.,Surrogate % Recovery,ISTD Conc. Ratio,Area,S/N,RR,Accuracy,RT,Final Conc.,Calc. Conc.,Surrogate % Recovery,ISTD Conc. Ratio,Area,S/N,RR,Accuracy,RT,Final Conc.,Calc. Conc.,Surrogate % Recovery,ISTD Conc. Ratio,Area,S/N,RR,Accuracy,RT,Final Conc.,Calc. Conc.,Surrogate % Recovery,ISTD Conc. Ratio,Area,S/N,RR,Accuracy,RT,Final Conc.,Calc. Conc.,Surrogate % Recovery,ISTD Conc. Ratio,Area,S/N,RR,Accuracy,RT,Final Conc.,Calc. Conc.,Surrogate % Recovery,ISTD Conc. Ratio,Area,S/N,RR,Accuracy,RT,Final Conc.,Calc. Conc.,Surrogate % Recovery,ISTD Conc. Ratio,Area,S/N,RR,Accuracy,RT,Final Conc.,Calc. Conc.,Surrogate % Recovery,ISTD Conc. Ratio,Area,S/N,RR,Accuracy,RT,Final Conc.,Calc. Conc.,Surrogate % Recovery,ISTD Conc. Ratio,Area,S/N,RR,Accuracy,RT,Final Conc.,Calc. Conc.,Surrogate % Recovery,ISTD Conc. Ratio,Area,S/N,RR,Accuracy,RT,Final Conc.,Calc. Conc.,Surrogate % Recovery,ISTD Conc. Ratio,Area,S/N,RR,Accuracy,RT,Final Conc.,Calc. Conc.,Surrogate % Recovery,ISTD Conc. Ratio,Area,S/N,RR,Accuracy,RT,Final Conc.,Calc. Conc.,Surrogate % Recovery,ISTD Conc. Ratio,Area,S/N,RR,Accuracy,RT,Final Conc.,Calc. Conc.,Surrogate % Recovery,ISTD Conc. Ratio,Area,S/N,RR,Accuracy,RT,Final Conc.,Calc. Conc.,Surrogate % Recovery,ISTD Conc. Ratio,Area,S/N,RR,Accuracy,RT,Final Conc.,Calc. Conc.,Surrogate % Recovery,ISTD Conc. Ratio,Area,S/N,RR,Accuracy,RT,Final Conc.,Calc. Conc.,Surrogate % Recovery,ISTD Conc. Ratio,Area,S/N,RR,Accuracy,RT,Final Conc.,Calc. Conc.,Surrogate % Recovery,ISTD Conc. Ratio,Area,S/N,RR,Accuracy,RT,Final Conc.,Calc. Conc.,Surrogate % Recovery,ISTD Conc. Ratio,Area,S/N,RR,Accuracy,RT,Final Conc.,Calc. Conc.,Surrogate % Recovery,ISTD Conc. Ratio,Area,S/N,RR,Accuracy,RT,Final Conc.,Calc. Conc.,Surrogate % Recovery,ISTD Conc. Ratio,Area,S/N,RR,Accuracy,RT,Final Conc.,Calc. Conc.,Surrogate % Recovery,ISTD Conc. Ratio,Area,S/N,RR,Accuracy,RT,Final Conc.,Calc. Conc.,Surrogate % Recovery,ISTD Conc. Ratio,Area,S/N,RR,Accuracy,RT,Final Conc.,Calc. Conc.,Surrogate % Recovery,ISTD Conc. Ratio,Area,S/N,RR,Accuracy,RT,Final Conc.,Calc. Conc.,Surrogate % Recovery,ISTD Conc. Ratio,Area,S/N,RR,Accuracy,RT,Final Conc.,Calc. Conc.,Surrogate % Recovery,ISTD Conc. Ratio,Area,S/N,RR,Accuracy,RT,Final Conc.,Calc. Conc.,Surrogate % Recovery,ISTD Conc. Ratio,Area,S/N,RR,Accuracy,RT,Final Conc.,Calc. Conc.,Surrogate % Recovery,ISTD Conc. Ratio,Area,S/N,RR,Accuracy,RT,Final Conc.,Calc. Conc.,Surrogate % Recovery,ISTD Conc. Ratio,Area,S/N,RR,Accuracy,RT,Final Conc.,Calc. Conc.,Surrogate % Recovery,ISTD Conc. Ratio,Area,S/N,RR,Accuracy,RT,Final Conc.,Calc. Conc.,Surrogate % Recovery,ISTD Conc. Ratio,Area,S/N,RR,Accuracy,RT,Final Conc.,Calc. Conc.,Surrogate % Recovery,ISTD Conc. Ratio,Area,S/N,RR,Accuracy,RT,Final Conc.,Calc. Conc.,Surrogate % Recovery,ISTD Conc. Ratio,Area,S/N,RR,Accuracy,RT,Final Conc.,Calc. Conc.,Surrogate % Recovery,ISTD Conc. Ratio,Area,S/N,RR,Accuracy,RT,Final Conc.,Calc. Conc.,Surrogate % Recovery,ISTD Conc. Ratio,Area,S/N,RR,Accuracy,RT,Final Conc.,Calc. Conc.,Surrogate % Recovery,ISTD Conc. Ratio,Area,S/N,RR,Accuracy,RT,Final Conc.,Calc. Conc.,Surrogate % Recovery,ISTD Conc. Ratio,Area,S/N,RR,Accuracy,RT,Final Conc.,Calc. Conc.,Surrogate % Recovery,ISTD Conc. Ratio,Area,S/N,RR,Accuracy,RT,Final Conc.,Calc. Conc.,Surrogate % Recovery,ISTD Conc. Ratio,Area,S/N,RR,Accuracy,RT,Final Conc.,Calc. Conc.,Surrogate % Recovery,ISTD Conc. Ratio,Area,S/N,RR,Accuracy
!,!,Rinse-1,TestCal1.d,Sample,,8/28/2025 12:05 PM,3.269,61.0182,61.0182,,12.2,10,3.42,4.5958,,3.108,20.1687,20.1687,201.7,4.0,2,3.44,4.5257,,4.495,678.8211,678.8211,,271.5,49,2.45,113.9190,,4.374,0.9051,0.9051,18.1,0.4,0,1.13,0.2428,,5.014,32.3394,32.3394,,12.9,17,2.85,5.3731,,5.126,10.4333,10.4333,104.3,4.2,3,1.99,1.7950,,5.081,405.0610,405.0610,,162.0,135,5.02,60.6746,,5.094,1.1768,1.1768,47.1,0.5,2,2.90,0.9585,,5.362,10706.8335,10706.8335,,4282.7,4750,9.82,1818.1702,,5.004,3.5456,3.5456,141.8,1.4,3,5.74,1.4880,,4.848,0.0409,0.0409,,0.0,2,6.96,0.0300,,4.687,804.1009,804.1009,16082.0,321.6,70,14.21,30.2947,,5.544,0.1757,0.1757,,0.1,3,5.96,0.0331,,5.839,4.4070,4.4070,,1.8,1011,9.80,0.7128,,5.152,2148.8520,2148.8520,85954.1,859.5,1419,294.22,808.0510,,5.615,599.4121,599.4121,,239.8,810,9.85,257.0071,,5.782,1.3371,1.3371,,0.5,16,1.20,0.2024,,5.884,63.8573,63.8573,2554.3,25.5,77,19.52,33.2620,,6.319,104310.6649,104310.6649,,41724.3,17242,369.63,15603.4054,,5.885,0.0121,0.0121,0.5,0.0,1,5.60,0.0618,,6.109,224.2515,224.2515,,89.7,862,293.34,99.8039,,5.850,161.7499,161.7499,3235.0,64.7,9,2.58,3.7162,,6.325,4.8693,4.8693,,1.9,7,2.65,0.9091,,6.786,2145.0877,2145.0877,,1716.1,2460,103.66,2381.2091,,6.330,0.8985,0.8985,71.9,0.7,1,14.93,0.6978,,8.610,19.5197,19.5197,,7.8,0,3.50,2.9138,,6.787,0.8385,0.8385,,0.3,1,2.46,0.1364,,8.443,0.0202,0.0202,0.8,0.0,0,3.21,0.0320,,6.847,4.0753,4.0753,163.0,1.6,8,3.95,1.6432,,10.243,6.6844,6.6844,,2.7,3,3.34,1.7519,,7.178,14893.6280,14893.6280,,11914.9,1900,154.84,4298.1790,,9.879,0.7593,0.7593,30.4,0.3,2,1.70,0.3466,,6.723,1.1718,1.1718,93.7,0.9,0,1.96,1.7452,,10.081,24.6053,24.6053,,4.9,1,2.01,0.9858,,6.446,2.3983,2.3983,,1.0,2,15.75,0.9272,,6.533,53.5156,53.5156,1070.3,21.4,3,3.19,1.1252,,6.996,2.0282,2.0282,,0.8,5,5.39,1.5232,,10.295,0.6440,0.6440,12.9,0.3,1,1.52,0.3147,,7.164,2.3723,2.3723,,0.9,3,6.12,0.4430,,7.519,7560.4939,7560.4939,,6048.4,786,118.11,2744.2644,,6.678,4.9387,4.9387,,2.0,3,25.29,0.7703,,6.994,0.8471,0.8471,67.8,0.7,0,1.93,1.1309,,6.644,11.3179,11.3179,226.4,4.5,4,19.79,0.9274,,6.915,19.1809,19.1809,,7.7,1,28.86,2.9987,,6.931,1.1935,1.1935,23.9,0.5,0,4.25,0.0907,,7.566,0.5713,0.5713,,0.2,1,5.86,0.1025,,7.863,,,,0.0,1750,280.00,2433.1333,,7.363,1.7146,1.7146,137.2,1.4,1,9.88,2.8396,,9.821,3.5620,3.5620,,1.4,1,6.04,0.6366,,9.906,1.6101,1.6101,6.4,0.6,2,5.01,0.3648,,10.109,0.2234,0.2234,,0.1,3,2.85,0.0398,,7.868,0.3558,0.3558,,0.1,0,9.30,0.1354,,10.139,65.0148,65.0148,260.1,26.0,79,8.21,16.9367,,7.751,166.7085,166.7085,,133.4,2,2.78,27.9677,,8.081,,,,0.0,6,15.83,94.6694,,8.069,0.0847,0.0847,6.8,0.1,0,5.18,0.2633,
!,!,Rinse-2,TestCal2.d,Sample,,8/28/2025 12:21 PM,3.419,29.4931,29.4931,,5.9,2,2.48,2.2214,,3.217,4.6117,4.6117,46.1,0.9,1,15.67,1.0348,,4.311,37.7104,37.7104,,15.1,6,17.01,6.3285,,4.263,28.3190,28.3190,566.4,11.3,1,9.87,7.5960,,5.122,7.2212,7.2212,,2.9,1,12.17,1.2013,,5.167,55.9867,55.9867,559.9,22.4,1,18.14,9.6321,,4.990,2.2479,2.2479,,0.9,0,4.37,0.3516,,5.011,1.4845,1.4845,59.4,0.6,1,5.33,1.2092,,5.436,9833.7945,9833.7945,,3933.5,294,313.99,1669.9160,,4.954,3.4095,3.4095,136.4,1.4,0,2.99,1.4309,,4.757,1.4445,1.4445,,0.6,1,9.13,1.0562,,4.836,25.8770,25.8770,517.5,10.4,1,5.16,0.9749,,5.652,3.1391,3.1391,,1.3,1,20.47,0.5924,,5.435,7.9820,7.9820,,3.2,6,3.71,1.2910,,5.431,96.8905,96.8905,3875.6,38.8,4,54.21,36.4345,,5.805,3.8546,3.8546,,1.5,2,29.50,1.6527,,6.111,2.5598,2.5598,,1.0,0,2.47,0.3875,,6.074,2.6712,2.6712,106.8,1.1,1,8.50,1.3914,,5.824,65.7319,65.7319,,26.3,27,2.71,9.8326,,5.786,0.3288,0.3288,13.2,0.1,3,11.98,1.6813,,5.400,11.8264,11.8264,,4.7,1,2.61,5.2634,,5.693,13.3118,13.3118,266.2,5.3,0,1.74,0.3058,,6.523,1.7975,1.7975,,0.7,1,2.45,0.3356,,6.228,59.8821,59.8821,,47.9,6,49.40,20.2717,,6.322,1.7466,1.7466,139.7,1.4,0,3.35,1.3564,,8.477,29.6892,29.6892,,11.9,1,8.59,4.4703,,6.803,1.8443,1.8443,,0.7,1,7.50,0.3000,,8.468,0.5488,0.5488,22.0,0.2,0,3.33,0.8671,,7.061,11.9124,11.9124,476.5,4.8,2,22.06,4.8031,,10.011,1.8972,1.8972,,0.8,0,24.34,0.4961,,6.596,2.9546,2.9546,,2.4,2,13.52,0.8527,,9.896,3.9586,3.9586,158.3,1.6,1,4.67,1.8069,,6.469,4.1073,4.1073,328.6,3.3,3,6.51,6.1167,,10.222,17.3832,17.3832,,3.5,2,3.81,0.6952,,6.635,2.1949,2.1949,,0.9,0,1.15,0.8487,,6.500,18.6188,18.6188,372.4,7.4,0,1.71,0.3915,,7.275,1.9571,1.9571,,0.8,2,13.69,1.4699,,10.245,13.7957,13.7957,275.9,5.5,2,16.44,6.7405,,7.271,1.4377,1.4377,,0.6,0,1.53,0.2687,,7.000,6.8317,6.8317,,5.5,3,13.33,2.4797,,6.645,23.5322,23.5322,,9.4,1,1.72,3.6206,,7.167,2.4486,2.4486,195.9,2.0,1,1.39,3.2687,,6.668,6.7683,6.7683,135.4,2.7,0,2.73,0.5546,,6.882,6.1264,6.1264,,2.5,3,5.44,0.9839,,6.906,98.7134,98.7134,1974.3,39.5,3,13.26,7.5003,,7.533,1.2224,1.2224,,0.5,0,1.47,0.2195,,7.334,9.0383,9.0383,,7.2,2,10.71,2.8631,,7.264,0.9882,0.9882,79.1,0.8,1,1.80,1.6367,,9.837,7.7209,7.7209,,3.1,2,4.93,1.3695,,9.889,21.5099,21.5099,86.0,8.6,2,7.09,4.8738,,10.233,1.1102,1.1102,,0.4,2,2.01,0.1976,,7.968,0.6577,0.6577,,0.3,0,5.05,0.2505,,10.271,121.3533,121.3533,485.4,48.5,11,1.21,31.6132,,7.702,,,,0.0,10,4.49,50.3280,,8.065,18.8616,18.8616,,15.1,1,10.65,5.6999,,7.970,0.1554,0.1554,12.4,0.1,0,2.37,0.4829,
,!,Blank,TestCal3.d,Blank,,8/28/2025 12:36 PM,3.319,0.0002,0.0002,,0.0,1,11.26,0.0000,,3.208,9.9044,9.9044,99.0,2.0,34114,119892.15,2.2225,,4.300,0.0063,0.0063,,0.0,22,10.17,0.0011,,4.307,4.5026,4.5026,90.1,1.8,20441,36598.66,1.2077,,5.122,0.0017,0.0017,,0.0,8,51.73,0.0003,,5.118,9.8958,9.8958,99.0,4.0,28814,6194.62,1.7025,,4.983,0.0039,0.0039,,0.0,4,25.11,0.0006,,4.986,2.2766,2.2766,91.1,0.9,6626,1331.50,1.8543,,4.925,0.0072,0.0072,,0.0,22,251.88,0.0012,,4.938,2.5464,2.5464,101.9,1.0,18086,3807.68,1.0687,,4.749,0.0031,0.0031,,0.0,2,20.13,0.0023,,4.753,5.3106,5.3106,106.2,2.1,715,2752.24,0.2001,,5.643,0.0017,0.0017,,0.0,1,16.33,0.0003,,5.444,0.0084,0.0084,,0.0,24,14.02,0.0014,,5.423,2.7544,2.7544,110.2,1.1,17530,10987.64,1.0358,,5.434,0.0004,0.0004,,0.0,5,35.06,0.0002,,5.996,0.0186,0.0186,,0.0,13,25.89,0.0028,,5.991,2.5103,2.5103,100.4,1.0,4672,12684.38,1.3076,,5.849,0.0194,0.0194,,0.0,40,3.04,0.0029,,5.844,2.5151,2.5151,100.6,1.0,13731,59921.90,12.8614,,5.697,0.0046,0.0046,,0.0,1,9.50,0.0021,,5.669,7.2784,7.2784,145.6,2.9,598,2483.39,0.1672,,6.358,0.0013,0.0013,,0.0,1,10.96,0.0002,,6.145,0.0025,0.0025,,0.0,3,14.59,0.0008,,6.232,1.2895,1.2895,103.2,1.0,4318,13186.51,1.0015,,8.486,0.0123,0.0123,,0.0,23,415.19,0.0018,,6.811,0.0315,0.0315,,0.0,20,76.36,0.0051,,8.483,2.1041,2.1041,84.2,0.8,12807,45066.16,3.3245,,6.798,2.5471,2.5471,101.9,1.0,3956,10430.53,1.0270,,9.886,0.0007,0.0007,,0.0,1,46.91,0.0002,,6.694,0.0008,0.0008,,0.0,1,26.85,0.0002,,9.904,1.9920,1.9920,79.7,0.8,3503,8293.84,0.9093,,6.609,1.2521,1.2521,100.2,1.0,5172,28580.17,1.8646,,10.214,0.0008,0.0008,,0.0,0,5.29,0.0000,,6.406,0.0013,0.0013,,0.0,0,1.41,0.0005,,6.426,7.1247,7.1247,142.5,2.8,535,1179.01,0.1498,,7.233,0.0000,0.0000,,0.0,0,3.86,0.0000,,10.245,1.9690,1.9690,39.4,0.8,3706,26370.87,0.9621,,7.271,0.0011,0.0011,,0.0,1,15.02,0.0002,,7.017,0.0002,0.0002,,0.0,0,11.57,0.0001,,6.768,0.0007,0.0007,,0.0,0,0.94,0.0001,,6.986,1.3434,1.3434,107.5,1.1,4974,12098.95,1.7934,,6.668,5.1904,5.1904,103.8,2.1,1638,17305.29,0.4253,,6.891,0.0096,0.0096,,0.0,3,16.43,0.0016,,6.841,5.4989,5.4989,110.0,2.2,1610,3807.92,0.4178,,7.566,0.0006,0.0006,,0.0,0,3.64,0.0001,,7.425,0.0085,0.0085,,0.0,15,10.72,0.0027,,7.347,1.2416,1.2416,99.3,1.0,5703,8240.35,2.0563,,9.887,0.0011,0.0011,,0.0,4,2.15,0.0002,,9.781,23.0634,23.0634,92.3,9.2,20131,11571.34,5.2258,,10.216,0.0002,0.0002,,0.0,1,0.99,0.0000,,7.960,0.0001,0.0001,,0.0,1,9.99,0.0000,,10.122,25.0230,25.0230,100.1,10.0,25112,7492.28,6.5186,,7.702,0.0018,0.0018,,0.0,3,44.29,0.0004,,8.073,0.0036,0.0036,,0.0,9,27.08,0.0011,,8.060,0.9258,0.9258,74.1,0.7,7978,16289.93,2.8765,
,!,CS1,TestCal4.d,Cal,L1,8/28/2025 12:51 PM,3.219,0.6311,0.6311,,0.1,736,238.06,0.0238,78.9,3.217,10.0132,10.0132,100.1,2.0,30960,96250.02,2.2469,100.1,4.311,0.3095,0.3095,,0.1,460,114.70,0.0260,77.4,4.307,4.9123,4.9123,98.2,2.0,17729,46889.57,1.3176,98.2,5.129,0.6620,0.6620,,0.1,631,2212.54,0.0275,82.7,5.126,9.9049,9.9049,99.0,4.0,22928,139377.62,1.7041,99.0,4.990,0.1485,0.1485,,0.1,131,177.43,0.0232,74.2,4.986,2.5565,2.5565,102.3,1.0,5636,30777.50,2.0823,102.3,4.933,0.1701,0.1701,,0.1,405,564.60,0.0289,85.0,4.938,2.4841,2.4841,99.4,1.0,14027,39663.95,1.0425,99.4,4.757,0.4595,0.4595,,0.1,85,383.26,0.1683,57.4,4.753,4.9375,4.9375,98.8,2.0,503,2436.93,0.1860,98.8,5.536,0.1570,0.1570,,0.1,108,467.20,0.0296,78.5,5.419,0.1569,0.1569,,0.1,314,66.66,0.0254,78.4,5.423,2.4447,2.4447,97.8,1.0,12369,15936.74,0.9193,97.8,5.583,0.6510,0.6510,,0.1,1600,1241.04,0.0698,81.4,5.996,0.1396,0.1396,,0.1,77,176.78,0.0211,69.8,5.991,2.5881,2.5881,103.5,1.0,3649,10887.66,1.3481,103.5,5.840,0.2506,0.2506,,0.1,341,4.21,0.0375,125.3,5.844,2.5392,2.5392,101.6,1.0,9087,26696.85,12.9846,101.6,5.664,0.7788,0.7788,,0.2,55,112.22,0.1733,97.3,5.660,5.1325,5.1325,102.7,2.1,319,771.63,0.1179,102.7,6.408,0.1643,0.1643,,0.1,93,165.35,0.0307,82.2,6.236,0.1806,0.1806,,0.1,139,42.75,0.0571,90.3,6.232,1.1837,1.1837,94.7,0.9,2440,555.66,0.9193,94.7,8.486,0.1703,0.1703,,0.1,275,1300.40,0.0250,85.2,6.803,0.1451,0.1451,,0.1,71,243.11,0.0236,72.5,8.483,2.4804,2.4804,99.2,1.0,11010,102375.17,3.9190,99.2,6.798,2.6638,2.6638,106.6,1.1,3017,15725.41,1.0741,106.6,9.903,0.1556,0.1556,,0.1,124,13.27,0.0407,77.8,6.620,0.1632,0.1632,,0.1,137,25.23,0.0471,81.6,9.904,2.3782,2.3782,95.1,1.0,3050,592.99,1.0855,95.1,6.609,1.1391,1.1391,91.1,0.9,2920,5965.32,1.6964,91.1,10.263,0.1398,0.1398,,0.1,36,97.41,0.0111,69.9,6.414,1.0944,1.0944,,0.2,57,225.86,0.2119,136.8,6.426,4.7134,4.7134,94.3,1.9,268,1091.84,0.0991,94.3,7.086,0.5862,0.5862,,0.1,2526,508.86,0.1102,73.3,10.245,2.3785,2.3785,47.6,1.0,3265,654.10,1.1621,95.1,7.189,0.1296,0.1296,,0.1,73,323.11,0.0243,64.8,6.984,0.1653,0.1653,,0.1,165,30.22,0.0600,82.6,6.661,0.2115,0.2115,,0.0,20,81.01,0.0165,105.7,6.978,1.1948,1.1948,95.6,1.0,2745,6793.10,1.5950,95.6,6.668,5.1271,5.1271,102.5,2.1,1180,3982.31,0.4201,102.5,6.849,0.1231,0.1231,,0.0,11,24.30,0.0100,61.5,6.841,4.9853,4.9853,99.7,2.0,1064,4970.52,0.3788,99.7,7.550,0.1583,0.1583,,0.1,86,152.71,0.0284,79.1,7.351,0.1563,0.1563,,0.1,166,24.38,0.0496,78.1,7.347,1.1737,1.1737,93.9,0.9,3346,3815.63,1.9439,93.9,9.804,1.2600,1.2600,,0.1,360,286.91,0.0227,63.0,9.781,24.9909,24.9909,100.0,10.0,15909,12414.29,5.6626,100.0,10.150,1.3583,1.3583,,0.1,449,82.65,0.0242,67.9,7.827,0.5787,0.5787,,0.1,1262,4289.95,0.0551,72.3,10.122,25.3420,25.3420,101.4,10.1,18547,3256.63,6.6017,101.4,7.718,0.1366,0.1366,,0.1,199,1417.76,0.0331,68.3,8.057,0.1597,0.1597,,0.1,295,60.77,0.0491,79.8,8.060,1.1264,1.1264,90.1,0.9,6024,17257.79,3.5000,90.1
,!,CS2,TestCal5.d,Cal,L2,8/28/2025 1:07 PM,3.211,1.9993,1.9993,,0.2,2328,982.77,0.0753,100.0,3.208,10.0496,10.0496,100.5,2.0,30918,66049.25,2.2551,100.5,4.311,0.9536,0.9536,,0.2,1420,378.36,0.0800,95.4,4.307,5.0486,5.0486,101.0,2.0,17753,100800.97,1.3542,101.0,5.122,1.9458,1.9458,,0.2,1849,4539.86,0.0810,97.3,5.126,10.1253,10.1253,101.3,4.1,22836,43880.24,1.7420,101.3,4.983,0.4813,0.4813,,0.2,424,1086.94,0.0753,96.3,4.986,2.5399,2.5399,101.6,1.0,5626,1120.90,2.0688,101.6,4.933,0.5219,0.5219,,0.2,1225,284.10,0.0886,104.4,4.938,2.5135,2.5135,100.5,1.0,13828,55985.49,1.0548,100.5,4.749,1.7783,1.7783,,0.4,367,3011.34,0.6506,88.9,4.753,5.5053,5.5053,110.1,2.2,564,3795.86,0.2074,110.1,5.536,0.5626,0.5626,,0.2,368,3491.12,0.1061,112.5,5.419,0.5093,0.5093,,0.2,978,626.18,0.0824,101.9,5.423,2.4097,2.4097,96.4,1.0,11879,6273.65,0.9061,96.4,5.582,2.0152,2.0152,,0.2,4933,2893.56,0.2160,100.8,5.988,0.4848,0.4848,,0.2,254,744.63,0.0734,97.0,5.982,2.4462,2.4462,97.8,1.0,3465,9449.78,1.2742,97.8,5.840,0.4723,0.4723,,0.2,602,13.91,0.0706,94.5,5.844,2.4047,2.4047,96.2,1.0,8518,70912.13,12.2969,96.2,5.672,1.8958,1.8958,,0.4,124,362.07,0.4219,94.8,5.669,4.7168,4.7168,94.3,1.9,295,1182.41,0.1084,94.3,6.399,0.4856,0.4856,,0.2,268,566.73,0.0907,97.1,6.228,0.5043,0.5043,,0.4,379,63.61,0.1596,100.9,6.232,1.2804,1.2804,102.4,1.0,2374,5905.34,0.9944,102.4,8.486,0.4999,0.4999,,0.2,869,130.51,0.0734,100.0,6.803,0.5062,0.5062,,0.2,243,748.29,0.0823,101.2,8.483,2.6607,2.6607,106.4,1.1,11838,54642.14,4.2039,106.4,6.798,2.6007,2.6007,104.0,1.0,2953,8199.05,1.0486,104.0,9.911,0.5040,0.5040,,0.2,537,543.54,0.1317,100.8,6.612,0.4841,0.4841,,0.4,396,1556.36,0.1397,96.8,9.904,3.1747,3.1747,127.0,1.3,4080,9503.15,1.4491,127.0,6.609,1.2324,1.2324,98.6,1.0,2837,8787.10,1.8353,98.6,10.098,0.4979,0.4979,,0.2,167,633.09,0.0397,99.6,6.430,2.0972,2.0972,,0.4,104,158.56,0.4059,104.9,6.426,4.4809,4.4809,89.6,1.8,256,650.90,0.0942,89.6,7.086,1.8765,1.8765,,0.2,8053,16954.73,0.3526,93.8,10.245,3.0585,3.0585,61.2,1.2,4208,830.96,1.4943,122.3,7.180,0.4237,0.4237,,0.2,234,45.58,0.0793,84.7,6.984,0.4536,0.4536,,0.4,413,269.06,0.1647,90.7,6.669,0.4730,0.4730,,0.1,41,128.82,0.0370,94.6,6.978,1.2150,1.2150,97.2,1.0,2508,58616.92,1.6220,97.2,6.668,4.7603,4.7603,95.2,1.9,1098,2287.78,0.3901,95.2,6.858,0.5175,0.5175,,0.1,42,125.58,0.0421,103.5,6.841,4.6294,4.6294,92.6,1.9,990,3878.84,0.3517,92.6,7.550,0.4695,0.4695,,0.2,249,1296.15,0.0842,93.9,7.351,0.5136,0.5136,,0.4,481,42.53,0.1629,102.7,7.347,1.1537,1.1537,92.3,0.9,2954,10324.21,1.9108,92.3,9.804,4.2034,4.2034,,0.2,1510,348.46,0.0756,84.1,9.781,31.3323,31.3323,125.3,12.5,19991,19617.15,7.0994,125.3,10.150,4.4077,4.4077,,0.2,1822,238.49,0.0785,88.2,7.835,1.8755,1.8755,,0.2,4077,4814.59,0.1785,93.8,10.122,31.6143,31.6143,126.5,12.6,23191,4092.78,8.2357,126.5,7.710,0.4800,0.4800,,0.4,666,523.35,0.1162,96.0,8.065,0.4962,0.4962,,0.4,873,306.07,0.1524,99.2,8.060,1.1930,1.1930,95.4,1.0,5730,39213.19,3.7067,95.4
,!,CS3,TestCal6.d,Cal,L3,8/28/2025 1:22 PM,3.228,5.2923,5.2923,,0.5,6189,3693.58,0.1993,105.8,3.225,9.9494,9.9494,99.5,2.0,31055,80982.51,2.2326,99.5,4.311,2.5450,2.5450,,0.5,3893,2492.14,0.2135,101.8,4.307,4.7641,4.7641,95.3,1.9,18230,66377.15,1.2779,95.3,5.122,5.0810,5.0810,,0.5,5179,19741.93,0.2114,101.6,5.126,9.9820,9.9820,99.8,4.0,24499,33003.93,1.7173,99.8,4.983,1.2403,1.2403,,0.5,1156,683.47,0.1940,99.2,4.986,2.4793,2.4793,99.2,1.0,5959,4231.05,2.0194,99.2,4.933,1.2879,1.2879,,0.5,3265,8842.64,0.2187,103.0,4.938,2.4937,2.4937,99.7,1.0,14930,35768.77,1.0465,99.7,4.757,4.4976,4.4976,,0.9,925,1802.96,1.6424,90.0,4.753,5.0652,5.0652,101.3,2.0,563,3444.26,0.1908,101.3,5.536,1.3515,1.3515,,0.5,988,2758.41,0.2549,108.1,5.419,1.2748,1.2748,,0.5,2855,1515.89,0.2062,102.0,5.423,2.5812,2.5812,103.2,1.0,13847,7159.10,0.9706,103.2,5.582,5.7079,5.7079,,0.6,14990,16513.57,0.6118,114.2,5.988,1.3458,1.3458,,0.5,790,396.10,0.2038,107.7,5.991,2.5225,2.5225,100.9,1.0,3877,15906.77,1.3139,100.9,5.840,1.2905,1.2905,,0.5,2069,72.06,0.1930,103.2,5.844,2.4073,2.4073,96.3,1.0,10720,31775.57,12.3104,96.3,5.672,5.3463,5.3463,,1.1,481,1538.28,1.1897,106.9,5.669,5.9688,5.9688,119.4,2.4,405,1236.97,0.1371,119.4,6.408,1.3264,1.3264,,0.5,873,3030.75,0.2477,106.1,6.236,1.3123,1.3123,,1.0,1421,2816.69,0.4158,105.0,6.232,1.2608,1.2608,100.9,1.0,3416,755.11,0.9792,100.9,8.486,1.3236,1.3236,,0.5,2504,17137.05,0.1945,105.9,6.803,1.1951,1.1951,,0.5,685,849.23,0.1944,95.6,8.483,2.3101,2.3101,92.4,0.9,12875,35627.43,3.6500,92.4,6.798,2.4791,2.4791,99.2,1.0,3526,13198.04,0.9996,99.2,9.911,1.3167,1.3167,,0.5,1228,1818.42,0.3442,105.3,6.612,1.1992,1.1992,,1.0,1593,1188.57,0.3461,95.9,9.904,2.2165,2.2165,88.7,0.9,3569,6567.32,1.0117,88.7,6.609,1.3558,1.3558,108.5,1.1,4603,24340.50,2.0191,108.5,10.255,1.3282,1.3282,,0.5,397,592.22,0.1058,106.3,6.430,4.8527,4.8527,,1.0,421,89.23,0.9380,97.1,6.426,7.2397,7.2397,144.8,2.9,449,2609.04,0.1522,144.8,7.086,5.6798,5.6798,,0.6,26136,133551.50,1.0668,113.6,10.245,2.1755,2.1755,43.5,0.9,3749,11668.89,1.0629,87.0,7.180,1.3590,1.3590,,0.5,896,1853.99,0.2540,108.7,6.984,1.2533,1.2533,,1.0,1991,1367.23,0.4549,100.3,6.669,1.5017,1.5017,,0.3,169,387.68,0.1175,120.1,6.986,1.4379,1.4379,115.0,1.2,4376,9343.09,1.9195,115.0,6.668,4.9848,4.9848,99.7,2.0,1441,7339.54,0.4085,99.7,6.858,1.2980,1.2980,,0.3,142,247.02,0.1054,103.8,6.841,5.0340,5.0340,100.7,2.0,1349,10767.19,0.3825,100.7,7.550,1.2961,1.2961,,0.5,821,4752.70,0.2328,103.7,7.351,1.3542,1.3542,,1.1,2256,502.05,0.4295,108.3,7.347,1.3909,1.3909,111.3,1.1,5251,14043.17,2.3036,111.3,9.804,11.2299,11.2299,,0.4,3525,1139.96,0.2016,89.8,9.781,21.8765,21.8765,87.5,8.8,17486,11953.36,4.9569,87.5,10.150,11.3585,11.3585,,0.5,4169,4058.95,0.2022,90.9,7.827,5.6374,5.6374,,0.6,13168,16179.35,0.5375,112.7,10.122,22.4408,22.4408,89.8,9.0,20622,23289.61,5.8459,89.8,7.710,1.3247,1.3247,,1.1,2734,7248.57,0.3201,106.0,8.065,1.2465,1.2465,,1.0,3267,1007.04,0.3826,99.7,8.060,1.2056,1.2056,96.5,1.0,8539,22206.89,3.7461,96.5
,!,CS4,TestCal7.d,Cal,L4,8/28/2025 1:37 PM,3.219,11.0534,11.0534,,1.1,11462,6876.04,0.4163,110.5,3.217,10.0076,10.0076,100.1,2.0,27535,37601.19,2.2456,100.1,4.311,5.3706,5.3706,,1.1,7097,2404.53,0.4506,107.4,4.307,4.9961,4.9961,99.9,2.0,15748,65829.79,1.3401,99.9,5.122,11.0430,11.0430,,1.1,9396,35556.98,0.4594,110.4,5.126,10.1162,10.1162,101.2,4.0,20452,23833.95,1.7404,101.2,4.983,2.6147,2.6147,,1.0,2139,19320.55,0.4090,104.6,4.986,2.5518,2.5518,102.1,1.0,5231,1057.03,2.0784,102.1,4.933,2.7201,2.7201,,1.1,5748,1216.95,0.4619,108.8,4.938,2.5234,2.5234,100.9,1.0,12445,39583.97,1.0590,100.9,4.757,9.9157,9.9157,,2.0,1568,335.89,3.6071,99.2,4.753,4.5847,4.5847,91.7,1.8,435,1789.25,0.1727,91.7,5.536,2.9302,2.9302,,1.2,1763,6383.79,0.5529,117.2,5.427,2.6781,2.6781,,1.1,4802,1098.91,0.4332,107.1,5.423,2.5085,2.5085,100.3,1.0,11085,8448.40,0.9433,100.3,5.582,11.6355,11.6355,,1.2,25509,70225.10,1.2472,116.4,5.988,2.8282,2.8282,,1.1,1366,7272.60,0.4282,113.1,5.991,2.4329,2.4329,97.3,1.0,3189,8576.84,1.2672,97.3,5.849,2.7069,2.7069,,1.1,3240,94.09,0.4049,108.3,5.844,2.5606,2.5606,102.4,1.0,8003,11579.18,13.0942,102.4,5.672,11.7637,11.7637,,2.4,755,2562.41,2.6177,117.6,5.669,4.9872,4.9872,99.7,2.0,288,655.75,0.1146,99.7,6.399,2.7508,2.7508,,1.1,1383,3234.61,0.5136,110.0,6.236,2.8174,2.8174,,2.3,2044,3158.66,0.8943,112.7,6.232,1.2417,1.2417,99.3,1.0,2285,6082.44,0.9644,99.3,8.486,2.8209,2.8209,,1.1,4387,21047.43,0.4151,112.8,6.795,2.7376,2.7376,,1.1,1199,1690.35,0.4453,109.5,8.483,2.4698,2.4698,98.8,1.0,10570,97871.19,3.9023,98.8,6.798,2.4663,2.4663,98.7,1.0,2693,8066.53,0.9944,98.7,9.911,2.8124,2.8124,,1.1,2126,1486.03,0.7357,112.5,6.612,2.8347,2.8347,,2.3,2385,427.79,0.8181,113.4,9.904,2.3373,2.3373,93.5,0.9,2890,2941.06,1.0669,93.5,6.609,1.3234,1.3234,105.9,1.1,2916,5206.63,1.9709,105.9,10.098,1.6629,1.6629,,0.7,418,1885.07,0.1325,66.5,6.430,11.4025,11.4025,,2.3,519,2157.53,2.1973,114.0,6.426,4.4640,4.4640,89.3,1.8,236,1513.21,0.0939,89.3,7.086,11.1928,11.1928,,1.1,42962,28574.82,2.1006,111.9,10.245,2.3803,2.3803,47.6,1.0,3150,15819.44,1.1630,95.2,7.180,3.0263,3.0263,,1.2,1521,5066.22,0.5648,121.1,6.984,2.7906,2.7906,,2.2,2676,902.24,1.0129,111.6,6.669,2.8616,2.8616,,0.6,242,1024.18,0.2237,114.5,6.986,1.3379,1.3379,107.0,1.1,2642,13161.51,1.7861,107.0,6.668,4.8654,4.8654,97.3,1.9,1080,2817.58,0.3987,97.3,6.858,2.2832,2.2832,,0.5,193,354.69,0.1852,91.3,6.841,5.0612,5.0612,101.2,2.0,1042,227.50,0.3846,101.2,7.550,2.8456,2.8456,,1.1,1379,3711.32,0.5121,113.8,7.351,2.6669,2.6669,,2.1,2839,408.16,0.8457,106.7,7.347,1.3703,1.3703,109.6,1.1,3357,9636.31,2.2694,109.6,9.804,23.9422,23.9422,,1.0,6378,4370.87,0.4288,95.8,9.781,24.2356,24.2356,96.9,9.7,14874,14619.37,5.4914,96.9,10.150,24.4881,24.4881,,1.0,7465,3030.99,0.4349,98.0,7.827,11.7184,11.7184,,1.2,22913,143610.03,1.1203,117.2,10.122,24.3296,24.3296,97.3,9.7,17167,7618.83,6.3380,97.3,7.710,2.6613,2.6613,,2.1,3982,3311.85,0.6415,106.5,8.065,2.7553,2.7553,,2.2,5242,2649.40,0.8445,110.2,8.060,1.3505,1.3505,108.0,1.1,6207,1261.76,4.1962,108.0
,!,CS5,TestCal8.d,Cal,L5,8/28/2025 1:52 PM,3.219,23.1716,23.1716,,2.3,26938,9680.37,0.8726,115.9,3.217,9.9582,9.9582,99.6,2.0,30870,24693.72,2.2346,99.6,4.311,11.1928,11.1928,,2.2,16833,8133.79,0.9392,111.9,4.307,4.9810,4.9810,99.6,2.0,17923,38145.41,1.3361,99.6,5.122,23.2266,23.2266,,2.3,22533,14800.03,0.9661,116.1,5.126,10.1063,10.1063,101.1,4.0,23324,4973.90,1.7387,101.1,4.983,5.5372,5.5372,,2.2,4987,16710.07,0.8659,110.7,4.979,2.4985,2.4985,99.9,1.0,5759,20455.71,2.0350,99.9,4.933,5.7405,5.7405,,2.3,13752,5548.10,0.9748,114.8,4.930,2.5058,2.5058,100.2,1.0,14107,63953.60,1.0516,100.2,4.757,20.2211,20.2211,,4.0,3778,64662.84,7.3023,101.1,4.753,4.8529,4.8529,97.1,1.9,517,4807.60,0.1828,97.1,5.536,5.7954,5.7954,,2.3,3965,11861.24,1.0943,115.9,5.419,5.7232,5.7232,,2.3,11159,3813.64,0.9257,114.5,5.423,2.3898,2.3898,95.6,1.0,12055,2644.29,0.8987,95.6,5.583,23.3459,23.3459,,2.3,58369,108547.06,2.5025,116.7,5.988,5.7022,5.7022,,2.3,3128,3874.57,0.8633,114.0,5.991,2.4583,2.4583,98.3,1.0,3624,20419.49,1.2805,98.3,5.840,5.7775,5.7775,,2.3,7464,274.25,0.8642,115.6,5.844,2.5472,2.5472,101.9,1.0,8637,6620.57,13.0257,101.9,5.672,21.9859,21.9859,,4.4,1447,3664.88,4.8925,109.9,5.669,4.5495,4.5495,91.0,1.8,296,547.88,0.1045,91.0,6.399,5.8992,5.8992,,2.4,3291,13462.50,1.1014,118.0,6.228,5.9579,5.9579,,4.8,4847,1718.07,1.8980,119.2,6.232,1.2657,1.2657,101.3,1.0,2554,3878.76,0.9830,101.3,8.486,5.9373,5.9373,,2.4,10577,48728.43,0.8760,118.7,6.795,5.4893,5.4893,,2.2,2668,4403.21,0.8929,109.8,8.483,2.4836,2.4836,99.3,1.0,12074,93981.04,3.9241,99.3,6.798,2.4084,2.4084,96.3,1.0,2988,609.00,0.9711,96.3,9.911,5.5290,5.5290,,2.2,4797,8114.78,1.4483,110.6,6.612,5.8930,5.8930,,4.7,5083,3232.11,1.7007,117.9,9.904,2.3581,2.3581,94.3,0.9,3312,2146.63,1.0764,94.3,6.609,1.2054,1.2054,96.4,1.0,2989,8624.28,1.7952,96.4,10.098,5.4692,5.4692,,2.2,1577,158.84,0.4368,109.4,6.430,19.2782,19.2782,,3.9,1094,4238.35,3.7014,96.4,6.426,4.9678,4.9678,99.4,2.0,296,1017.39,0.1045,99.4,7.086,22.7318,22.7318,,2.3,99339,149097.30,4.2590,113.7,10.245,2.4020,2.4020,48.0,1.0,3611,9760.76,1.1736,96.1,7.180,5.7854,5.7854,,2.3,3218,20611.93,1.0771,115.7,6.984,5.8123,5.8123,,4.6,5699,7965.17,2.1097,116.2,6.678,6.1628,6.1628,,1.2,570,1603.96,0.4813,123.3,6.986,1.2155,1.2155,97.2,1.0,2701,4555.22,1.6226,97.2,6.668,4.6985,4.6985,94.0,1.9,1185,6121.13,0.3850,94.0,6.841,5.4200,5.4200,,1.1,548,103.24,0.4383,108.4,6.841,5.3455,5.3455,106.9,2.1,1250,2838.19,0.4062,106.9,7.550,6.0116,6.0116,,2.4,3245,10131.27,1.0860,120.2,7.351,5.8497,5.8497,,4.7,6146,718.17,1.8540,117.0,7.347,1.2023,1.2023,96.2,1.0,3315,13147.75,1.9913,96.2,9.796,51.0202,51.0202,,2.0,15328,3252.29,0.9093,102.0,9.773,24.1775,24.1775,96.7,9.7,16856,17825.51,5.4783,96.7,10.150,50.6709,50.6709,,2.0,17713,2349.32,0.8957,101.3,7.827,23.0507,23.0507,,2.3,51659,10182.98,2.2148,115.3,10.122,24.6718,24.6718,98.7,9.9,19776,2729.64,6.4271,98.7,7.710,5.7401,5.7401,,4.6,8956,5340.28,1.3757,114.8,8.057,5.8490,5.8490,,4.7,11639,16221.48,1.7879,117.0,8.060,1.2585,1.2585,100.7,1.0,6510,7071.05,3.9103,100.7
,!,CS6,TestCal9.d,Cal,L6,8/28/2025 2:08 PM,3.219,49.7628,49.7628,,5.0,60169,39694.70,1.8740,99.5,3.217,10.0195,10.0195,100.2,2.0,32107,85777.41,2.2483,100.2,4.311,24.0058,24.0058,,4.8,37670,8443.62,2.0143,96.0,4.307,5.0744,5.0744,101.5,2.0,18701,58982.43,1.3611,101.5,5.122,48.2597,48.2597,,4.8,47630,418921.97,2.0066,96.5,5.118,10.0416,10.0416,100.4,4.0,23736,44640.15,1.7276,100.4,4.983,12.2281,12.2281,,4.9,11602,2329.98,1.9108,97.8,4.979,2.5149,2.5149,100.6,1.0,6072,139896.35,2.0484,100.6,4.933,12.1565,12.1565,,4.9,29942,12569.19,2.0643,97.3,4.930,2.5155,2.5155,100.6,1.0,14504,26490.76,1.0557,100.6,4.749,41.7400,41.7400,,8.3,8472,6058.26,14.8416,83.5,4.753,5.1117,5.1117,102.2,2.0,571,2546.19,0.1926,102.2,5.536,12.3826,12.3826,,5.0,9238,36984.34,2.3413,99.1,5.419,12.0921,12.0921,,4.8,24804,8403.65,1.9558,96.7,5.423,2.4547,2.4547,98.2,1.0,12682,10152.34,0.9231,98.2,5.583,49.6039,49.6039,,5.0,126208,429655.87,5.3171,99.2,5.988,11.4753,11.4753,,4.6,6855,1214.55,1.7373,91.8,5.991,2.5555,2.5555,102.2,1.0,3946,838.57,1.3311,102.2,5.840,12.2511,12.2511,,4.9,16343,397.68,1.8326,98.0,5.844,2.5713,2.5713,102.9,1.0,8918,37123.82,13.1488,102.9,5.664,48.8228,48.8228,,9.8,3383,9048.73,10.8644,97.6,5.669,4.5725,4.5725,91.4,1.8,311,1123.21,0.1051,91.4,6.399,11.8799,11.8799,,4.8,7072,22506.01,2.2180,95.0,6.228,12.4182,12.4182,,9.9,10187,2318.83,3.9858,99.3,6.232,1.2767,1.2767,102.1,1.0,2556,5322.26,0.9916,102.1,8.486,12.4160,12.4160,,5.0,23382,15345.00,1.8421,99.3,6.803,11.3794,11.3794,,4.6,5902,10812.43,1.8510,91.0,8.483,2.6770,2.6770,107.1,1.1,12693,64521.17,4.2297,107.1,6.798,2.6352,2.6352,105.4,1.1,3188,28828.42,1.0625,105.4,9.911,12.4183,12.4183,,5.0,11760,8981.35,3.2640,99.3,6.612,12.3141,12.3141,,9.9,10828,20792.00,3.5538,98.5,9.904,2.6303,2.6303,105.2,1.1,3603,729.12,1.2006,105.2,6.609,1.2324,1.2324,98.6,1.0,3047,12030.74,1.8354,98.6,10.098,12.6907,12.6907,,5.1,3958,1519.76,1.0170,101.5,6.430,43.3514,43.3514,,8.7,2417,7039.61,8.2296,86.7,6.426,4.7127,4.7127,94.3,1.9,294,601.52,0.0991,94.3,7.086,48.3698,48.3698,,4.8,214311,450459.33,9.0289,96.7,10.245,2.6544,2.6544,53.1,1.1,3892,6050.88,1.2969,106.2,7.180,12.3632,12.3632,,4.9,7297,9078.19,2.2885,98.9,6.984,12.2321,12.2321,,9.8,11780,18034.62,4.4399,97.9,6.669,12.3826,12.3826,,2.5,1304,1950.47,0.9648,99.1,6.978,1.1973,1.1973,95.8,1.0,2653,9968.65,1.5983,95.8,6.668,5.4952,5.4952,109.9,2.2,1351,3040.06,0.4503,109.9,6.849,12.5478,12.5478,,2.5,1183,223.97,1.0073,100.4,6.841,5.1489,5.1489,103.0,2.1,1174,1731.75,0.3912,103.0,7.550,12.4157,12.4157,,5.0,7206,37052.18,2.2602,99.3,7.343,12.0554,12.0554,,9.6,13199,1655.19,3.8168,96.4,7.347,1.2578,1.2578,100.6,1.0,3458,9877.77,2.0831,100.6,9.796,107.0026,107.0026,,4.3,33941,5573.34,1.8876,85.6,9.773,26.4442,26.4442,105.8,10.6,17981,16914.51,5.9919,105.8,10.150,111.6760,111.6760,,4.5,39630,3061.64,1.9529,89.3,7.827,49.5363,49.5363,,5.0,114296,178771.91,4.8153,99.1,10.122,25.9589,25.9589,103.8,10.4,20293,4397.84,6.7624,103.8,7.702,12.1031,12.1031,,9.7,18914,63167.51,2.8663,96.8,8.057,12.4391,12.4391,,10.0,24945,11251.96,3.7804,99.5,8.060,1.2793,1.2793,102.3,1.0,6599,27689.63,3.9748,102.3
,!,CS7,TestCal10.d,Cal,L7,8/28/2025 2:23 PM,3.228,260.8934,260.8934,,26.1,253079,98861.03,9.8250,104.4,3.225,10.0024,10.0024,100.0,2.0,25759,51057.65,2.2445,100.0,4.311,125.1838,125.1838,,25.0,171016,80417.89,10.5041,100.1,4.307,5.2234,5.2234,104.5,2.1,16281,24676.73,1.4011,104.5,5.122,250.0475,250.0475,,25.0,201588,556226.42,10.3700,100.0,5.126,9.7238,9.7238,97.2,3.9,19440,34688.93,1.6729,97.2,4.983,62.5073,62.5073,,25.0,54792,170560.68,9.7160,100.0,4.986,2.3592,2.3592,94.4,0.9,5639,32171.31,1.9216,94.4,4.933,63.9077,63.9077,,25.6,130403,44534.23,10.8524,102.3,4.938,2.4640,2.4640,98.6,1.0,12016,34560.49,1.0341,98.6,4.757,249.9984,249.9984,,50.0,41241,15095.39,75.4659,100.0,4.753,4.9425,4.9425,98.8,2.0,546,1535.98,0.1862,98.8,5.536,62.5039,62.5039,,25.0,45585,9338.51,11.9442,100.0,5.419,62.5740,62.5740,,25.0,119911,24358.78,10.1209,100.1,5.423,2.7114,2.7114,108.5,1.1,11848,7085.16,1.0196,108.5,5.582,250.0401,250.0401,,25.0,521021,700012.41,26.8021,100.0,5.988,62.6902,62.6902,,25.1,36222,8743.32,9.4910,100.3,5.991,2.4966,2.4966,99.9,1.0,3816,18231.49,1.3004,99.9,5.840,62.5407,62.5407,,25.0,83931,1046.14,9.3552,100.1,5.844,2.4698,2.4698,98.8,1.0,8972,27706.64,12.6299,98.8,5.664,213.7649,213.7649,,42.8,16270,3730.18,47.5684,85.5,5.669,5.0726,5.0726,101.5,2.0,342,1621.37,0.1165,101.5,6.399,62.6127,62.6127,,25.0,34277,73836.72,11.6901,100.2,6.228,62.5025,62.5025,,50.0,51886,10232.24,21.2194,100.0,6.232,1.2410,1.2410,99.3,1.0,2445,2148.61,0.9638,99.3,8.486,62.5026,62.5026,,25.0,119642,1376130.41,9.6724,100.0,6.803,62.7158,62.7158,,25.1,29911,4013.52,10.2013,100.3,8.483,2.4184,2.4184,96.7,1.0,12369,92969.39,3.8210,96.7,6.798,2.2464,2.2464,89.9,0.9,2932,2191.79,0.9058,89.9,9.911,62.5026,62.5026,,25.0,59822,342694.12,16.8347,100.0,6.612,62.5251,62.5251,,50.0,53868,11192.82,18.0442,100.0,9.904,2.4049,2.4049,96.2,1.0,3554,12387.70,1.0977,96.2,6.609,1.2614,1.2614,100.9,1.0,2985,8285.57,1.8786,100.9,10.098,62.4940,62.4940,,25.0,19888,30953.84,5.1304,100.0,6.430,250.0031,250.0031,,50.0,11682,9260.41,42.8175,100.0,6.426,4.4215,4.4215,88.4,1.8,273,2507.66,0.0930,88.4,7.086,250.0482,250.0482,,25.0,880739,1725982.31,45.3066,100.0,10.245,2.4509,2.4509,49.0,1.0,3876,4954.61,1.1975,98.0,7.180,62.5050,62.5050,,25.0,32417,11387.31,11.0559,100.0,6.984,62.5424,62.5424,,50.0,55456,50847.11,22.7013,100.1,6.669,62.5042,62.5042,,12.5,6428,16373.25,4.7810,100.0,6.978,1.1515,1.1515,92.1,0.9,2443,7818.89,1.5372,92.1,6.668,5.0688,5.0688,101.4,2.0,1345,1895.04,0.4154,101.4,6.849,62.4982,62.4982,,12.5,5617,13342.00,4.7620,100.0,6.849,4.7957,4.7957,95.9,1.9,1180,3269.61,0.3644,95.9,7.550,62.5025,62.5025,,25.0,35363,33919.69,12.0607,100.0,7.351,62.5122,62.5122,,50.0,62025,6351.33,19.6200,100.0,7.347,1.2012,1.2012,96.1,1.0,3161,7076.08,1.9893,96.1,9.796,624.9946,624.9946,,25.0,160516,5305.40,9.9729,100.0,9.773,21.9430,21.9430,87.8,8.8,16095,12400.62,4.9720,87.8,10.150,624.9963,624.9963,,25.0,172863,5022.55,9.9301,100.0,7.827,250.0134,250.0134,,25.0,513775,191188.99,26.4294,100.0,10.122,20.6426,20.6426,82.6,8.3,17408,5425.55,5.3775,82.6,7.710,62.5133,62.5133,,50.0,88423,16862.69,13.3972,100.0,8.065,62.5022,62.5022,,50.0,119849,9733.96,18.1586,100.0,8.060,1.3367,1.3367,106.9,1.1,6600,32926.88,4.1532,106.9
!,!,Rinse-3,TestCal11.d,Sample,,8/28/2025 2:38 PM,3.228,194.6229,194.6229,,38.9,14,9.32,14.6587,,3.383,3.3043,3.3043,33.0,0.3,1,5.33,0.3707,,4.428,1.6634,1.6634,,0.7,1,1.82,0.2792,,4.288,18.8157,18.8157,376.3,3.8,4,40.30,2.5235,,5.129,46.3462,46.3462,,18.5,17,70.08,7.6947,,5.134,18.3194,18.3194,183.2,3.7,2,26.12,1.5759,,4.958,59.0873,59.0873,,23.6,6,20.72,9.1877,,5.061,5.5135,5.5135,220.5,1.1,1,7.58,2.2454,,4.942,22.2692,22.2692,,8.9,14,8.44,3.7816,,4.930,12.7800,12.7800,511.2,2.6,4,70.46,2.6817,,4.765,20.9136,20.9136,,8.4,2,50.23,14.8716,,4.786,21.0252,21.0252,420.5,4.2,0,2.36,0.3961,,5.610,9.7574,9.7574,,3.9,1,11.42,1.8439,,5.510,25.7529,25.7529,,10.3,8,5.30,4.1653,,5.456,7.2533,7.2533,290.1,1.5,2,26.53,1.3638,,5.582,18.8289,18.8289,,7.5,18,26.27,8.0732,,5.930,22.0462,22.0462,,8.8,2,15.06,3.3377,,5.859,8.5793,8.5793,343.2,1.7,1,5.19,2.2344,,6.409,2389.8985,2389.8985,,956.0,35,1.41,357.4951,,5.836,0.3243,0.3243,13.0,0.1,0,0.93,1.6582,,5.656,24.7074,24.7074,,9.9,2,7.17,10.9961,,5.850,45.3650,45.3650,907.3,9.1,0,2.79,0.5211,,6.399,79.9531,79.9531,,32.0,4,40.65,14.9276,,6.293,15.4101,15.4101,,12.3,5,16.68,4.9632,,6.297,3.2819,3.2819,262.6,2.6,1,8.79,2.5489,,8.486,62.1812,62.1812,,24.9,6,71.11,9.6201,,6.795,7.7647,7.7647,,3.1,0,3.41,1.2630,,8.500,5.5052,5.5052,220.2,1.1,1,12.30,4.3491,,6.724,10.4562,10.4562,418.2,2.1,0,5.37,2.1080,,9.952,12.7619,12.7619,,5.1,1,4.21,3.3548,,6.678,4.7431,4.7431,,3.8,1,7.60,1.3688,,9.879,5.8212,5.8212,232.8,1.2,0,4.55,1.3285,,6.592,0.2941,0.2941,23.5,0.2,0,1.77,0.4380,,10.181,12.3744,12.3744,,2.5,1,55.31,0.4943,,6.446,1.2652,1.2652,,0.5,1,2.45,0.4896,,6.533,523.7355,523.7355,10474.7,104.7,2,2.67,5.5060,,7.086,35.0045,35.0045,,14.0,57,96.61,25.7881,,10.262,62.0223,62.0223,1240.4,12.4,2,14.15,15.1517,,7.295,4.6194,4.6194,,1.8,0,4.70,0.8609,,7.017,1.6946,1.6946,,1.4,1,26.58,0.6151,,6.563,41.8162,41.8162,,16.7,2,20.46,6.3469,,6.912,1.2331,1.2331,98.7,1.0,1,2.70,1.6461,,6.586,48.7433,48.7433,974.9,9.7,0,1.92,1.9971,,7.112,10.6586,10.6586,,4.3,1,1.50,1.6960,,6.833,61.7790,61.7790,1235.6,12.4,0,4.48,2.3470,,7.542,43.2542,43.2542,,17.3,2,15.76,8.1650,,7.490,8.1828,8.1828,,6.5,3,3.42,2.5925,,7.363,0.8380,0.8380,67.0,0.7,1,17.04,1.3878,,9.804,57.4559,57.4559,,23.0,15,22.82,9.2623,,9.773,107.8356,107.8356,431.3,21.6,2,4.68,12.2170,,10.150,24.2417,24.2417,,9.7,12,14.65,4.1404,,7.835,32.0787,32.0787,,12.8,28,148.25,12.9019,,10.089,173.5697,173.5697,694.3,34.7,3,1.97,22.6079,,7.693,203.5933,203.5933,,162.9,7,41.23,30.8011,,8.048,195.2396,195.2396,,156.2,12,3.03,49.7938,,8.151,0.0837,0.0837,6.7,0.1,0,12.90,0.2600,
!,!,Rinse-4,TestCal12.d,Sample,,8/28/2025 2:54 PM,3.269,193.9120,193.9120,,38.8,9,5.53,14.6052,,3.366,11.3764,11.3764,113.8,1.1,1,3.83,1.2764,,4.292,8.2539,8.2539,,3.3,1,1.97,1.3852,,4.246,5.6204,5.6204,112.4,1.1,1,10.60,0.7538,,5.129,14.2485,14.2485,,5.7,6,14.96,2.3695,,5.118,22.6546,22.6546,226.5,4.5,3,17.06,1.9488,,5.015,37.2802,37.2802,,14.9,1,8.00,5.8103,,4.970,0.5257,0.5257,21.0,0.1,0,2.89,0.2141,,5.477,4064.2719,4064.2719,,1625.7,202,84.30,690.1703,,4.938,1.0349,1.0349,41.4,0.2,0,3.94,0.2171,,4.765,1.1331,1.1331,,0.5,1,26.59,0.8289,,4.836,68.0855,68.0855,1361.7,13.6,1,8.67,1.2826,,5.759,4.2482,4.2482,,1.7,1,9.28,0.8019,,5.345,32.6965,32.6965,,13.1,3,9.37,5.2884,,5.407,2.2900,2.2900,91.6,0.5,1,5.73,0.4306,,5.582,7.4389,7.4389,,3.0,8,26.82,3.1895,,6.070,2.3692,2.3692,,0.9,0,1.05,0.3587,,6.015,4.6996,4.6996,188.0,0.9,1,4.67,1.2240,,5.857,1084.5646,1084.5646,,433.8,35,3.90,162.2356,,5.918,0.0481,0.0481,1.9,0.0,0,2.19,0.2462,,5.730,7.4579,7.4579,,3.0,1,3.06,3.3192,,5.735,50.3625,50.3625,1007.2,10.1,0,2.87,0.5785,,6.391,24.6486,24.6486,,9.9,2,7.07,4.6020,,6.219,40.9471,40.9471,,32.8,12,33.15,13.5749,,6.091,2.1152,2.1152,169.2,1.7,1,7.93,1.6428,,8.569,12.3350,12.3350,,4.9,1,9.79,1.8300,,6.483,9.3867,9.3867,,3.8,1,1.33,1.5268,,8.492,0.4861,0.4861,19.4,0.1,0,22.26,0.3840,,6.855,1.3748,1.3748,55.0,0.3,0,3.37,0.2772,,9.878,3.5883,3.5883,,1.4,1,9.86,0.9390,,6.686,6.8555,6.8555,,5.5,1,22.17,1.9784,,9.904,2.2939,2.2939,91.8,0.5,1,10.09,0.5235,,6.691,0.2388,0.2388,19.1,0.2,1,1.40,0.3556,,10.164,22.9044,22.9044,,4.6,1,7.48,0.9172,,6.520,4.8203,4.8203,,1.9,1,7.59,1.8593,,6.164,76.6812,76.6812,1533.6,15.3,1,1.80,0.8061,,7.160,1.2137,1.2137,,0.5,2,26.46,0.9120,,10.278,3.5691,3.5691,71.4,0.7,1,21.20,0.8719,,7.213,7.0492,7.0492,,2.8,0,2.96,1.3110,,6.976,22.4681,22.4681,,18.0,5,25.15,8.1553,,6.522,2.9978,2.9978,,1.2,0,1.85,0.4682,,7.044,0.2947,0.2947,23.6,0.2,1,2.38,0.3935,,6.865,7.6008,7.6008,152.0,1.5,0,1.99,0.3114,,6.890,1.5834,1.5834,,0.6,0,7.64,0.2566,,6.841,20.8297,20.8297,416.6,4.2,1,9.44,0.7913,,7.683,5.7437,5.7437,,2.3,0,11.60,1.0372,,7.408,4.7513,4.7513,,3.8,7,1.32,1.5062,,7.372,1.8650,1.8650,149.2,1.5,4,50.41,3.0886,,9.812,66.2383,66.2383,,26.5,5,25.67,10.4890,,9.856,3.5282,3.5282,14.1,0.7,0,1.26,0.3997,,10.158,16.0770,16.0770,,6.4,5,13.44,2.7868,,7.918,0.8500,0.8500,,0.3,1,11.06,0.3238,,10.205,10.7873,10.7873,43.1,2.2,2,8.08,1.4051,,7.743,28.5367,28.5367,,22.8,4,14.48,6.5488,,8.057,45.3244,45.3244,,36.3,8,4.26,13.3761,,8.069,0.1441,0.1441,11.5,0.1,1,27.56,0.4478,
,!,1,TestCal13.d,Sample,,8/28/2025 3:09 PM,3.228,0.8461,0.8461,,0.2,1112,509.93,0.0637,,3.225,20.3122,20.3122,203.1,2.0,17449,61568.07,2.2790,,4.300,0.4196,0.4196,,0.2,668,225.56,0.0704,,4.307,9.7874,9.7874,195.7,2.0,9489,16209.47,1.3126,,5.122,0.4134,0.4134,,0.2,862,2252.66,0.0688,,5.126,20.1594,20.1594,201.6,4.0,12535,2646.45,1.7341,,4.983,0.4235,0.4235,,0.2,207,743.63,0.0663,,4.979,5.1858,5.1858,207.4,1.0,3122,97318.83,2.1120,,4.942,0.4703,0.4703,,0.2,621,736.36,0.0799,,4.938,5.1250,5.1250,205.0,1.0,7774,112008.56,1.0754,,4.757,0.6838,0.6838,,0.3,136,1079.78,0.5005,,4.753,9.7630,9.7630,195.3,2.0,272,1599.14,0.1839,,5.536,0.4574,0.4574,,0.2,172,35.25,0.0863,,5.427,0.5045,0.5045,,0.2,518,186.09,0.0816,,5.423,4.6708,4.6708,186.8,0.9,6348,1407.64,0.8782,,5.582,0.4091,0.4091,,0.2,2199,995.74,0.1754,,5.988,0.3973,0.3973,,0.2,120,400.40,0.0602,,5.991,5.1921,5.1921,207.7,1.0,1999,427.72,1.3522,,5.849,0.3811,0.3811,,0.2,276,6.22,0.0570,,5.844,2.5415,2.5415,101.7,1.0,4846,8914.41,12.9964,,5.664,0.9758,0.9758,,0.4,72,239.73,0.4343,,5.677,9.8214,9.8214,196.4,2.0,167,648.23,0.1128,,6.408,0.3747,0.3747,,0.1,125,574.58,0.0700,,6.228,0.4371,0.4371,,0.3,203,74.13,0.1384,,6.232,1.1983,1.1983,95.9,1.0,1468,5194.04,0.9306,,8.477,0.3109,0.3109,,0.1,328,1250.84,0.0456,,6.795,0.4685,0.4685,,0.2,136,224.23,0.0762,,8.483,5.3272,5.3272,213.1,1.1,7193,20864.17,4.2085,,6.798,5.1960,5.1960,207.8,1.0,1790,3987.72,1.0475,,9.911,0.2045,0.2045,,0.1,113,217.33,0.0534,,6.612,0.4154,0.4154,,0.3,224,47.38,0.1199,,9.904,5.3981,5.3981,215.9,1.1,2106,5900.06,1.2320,,6.609,1.2097,1.2097,96.8,1.0,1865,1327.23,1.8015,,10.081,0.3922,0.3922,,0.1,35,116.26,0.0156,,6.438,0.5240,0.5240,,0.2,37,117.55,0.2029,,6.435,11.8394,11.8394,236.8,2.4,184,1065.32,0.1245,,7.086,0.4216,0.4216,,0.2,3973,8362.51,0.3169,,10.245,5.3802,5.3802,107.6,1.1,2246,5776.30,1.3144,,7.189,0.4316,0.4316,,0.2,145,597.63,0.0807,,6.984,0.3834,0.3834,,0.3,247,63.01,0.1392,,6.669,0.1419,0.1419,,0.1,15,65.32,0.0222,,6.986,1.2842,1.2842,102.7,1.0,1775,5493.21,1.7143,,6.668,9.6058,9.6058,192.1,1.9,673,2574.88,0.3936,,6.841,0.1807,0.1807,,0.1,18,72.17,0.0294,,6.841,9.6753,9.6753,193.5,1.9,628,1841.50,0.3676,,7.550,0.4045,0.4045,,0.2,130,550.75,0.0726,,7.351,0.3418,0.3418,,0.3,274,99.71,0.1084,,7.347,1.4757,1.4757,118.1,1.2,2530,3061.20,2.4439,,9.796,0.2453,0.2453,,0.1,412,597.75,0.0441,,9.773,48.1974,48.1974,192.8,9.6,9333,10679.15,5.4604,,10.150,0.2694,0.2694,,0.1,505,98.83,0.0480,,7.827,0.4455,0.4455,,0.2,2126,2995.00,0.1696,,10.122,47.2583,47.2583,189.0,9.5,10521,3753.95,6.1555,,7.702,0.3954,0.3954,,0.3,441,90.91,0.0957,,8.057,0.3877,0.3877,,0.3,549,128.51,0.1191,,8.060,1.4334,1.4334,114.7,1.1,4611,28364.22,4.4538,
,!,2,TestCal14.d,Sample,,8/28/2025 3:24 PM,3.219,2.3858,2.3858,,0.5,2939,1607.82,0.1797,,3.217,20.3207,20.3207,203.2,2.0,16355,26515.16,2.2799,,4.300,1.1511,1.1511,,0.5,1699,685.41,0.1932,,4.307,9.8221,9.8221,196.4,2.0,8795,22871.90,1.3173,,5.122,1.0951,1.0951,,0.4,2192,7798.79,0.1822,,5.118,20.9420,20.9420,209.4,4.2,12028,23682.81,1.8014,,4.983,1.1839,1.1839,,0.5,531,1065.51,0.1852,,4.979,5.0806,5.0806,203.2,1.0,2869,3619.28,2.0691,,4.933,1.0759,1.0759,,0.4,1331,851.02,0.1827,,4.930,5.2003,5.2003,208.0,1.0,7286,39738.37,1.0912,,4.749,2.2407,2.2407,,0.9,385,2869.01,1.6365,,4.753,9.0031,9.0031,180.1,1.8,235,829.73,0.1696,,5.528,1.2500,1.2500,,0.5,437,1088.17,0.2358,,5.419,1.2764,1.2764,,0.5,1266,364.71,0.2064,,5.423,4.8841,4.8841,195.4,1.0,6131,19534.92,0.9183,,5.583,1.1671,1.1671,,0.5,6019,3778.92,0.5004,,5.988,0.9782,0.9782,,0.4,275,589.45,0.1481,,5.982,5.1353,5.1353,205.4,1.0,1854,5815.35,1.3374,,5.840,1.0144,1.0144,,0.4,690,13.89,0.1517,,5.836,2.5605,2.5605,102.4,1.0,4547,13142.31,13.0938,,5.672,2.2132,2.2132,,0.9,167,780.54,0.9850,,5.669,10.6239,10.6239,212.5,2.1,169,747.41,0.1220,,6.399,1.1531,1.1531,,0.5,337,659.67,0.2153,,6.219,1.1636,1.1636,,0.9,515,407.72,0.3686,,6.224,1.3101,1.3101,104.8,1.0,1398,2745.49,1.0175,,8.477,0.8434,0.8434,,0.3,817,6002.98,0.1239,,6.803,1.0754,1.0754,,0.4,274,42.15,0.1749,,8.483,5.6455,5.6455,225.8,1.1,6594,64260.92,4.4599,,6.798,5.2586,5.2586,210.3,1.1,1567,3386.84,1.0601,,9.911,0.5809,0.5809,,0.2,286,343.33,0.1518,,6.604,1.2153,1.2153,,1.0,609,390.39,0.3507,,9.904,5.5810,5.5810,223.2,1.1,1883,386.90,1.2737,,6.609,1.2579,1.2579,100.6,1.0,1736,9470.29,1.8733,,10.098,1.3660,1.3660,,0.3,112,722.52,0.0544,,6.422,3.1777,3.1777,,1.3,137,439.65,1.2276,,6.410,7.6409,7.6409,152.8,1.5,111,750.42,0.0803,,7.086,1.1768,1.1768,,0.5,10636,17051.77,0.8843,,10.245,5.6909,5.6909,113.8,1.1,2055,6309.96,1.3903,,7.172,1.2541,1.2541,,0.5,367,728.89,0.2344,,6.976,1.1565,1.1565,,0.9,678,992.49,0.4198,,6.669,0.1907,0.1907,,0.1,21,58.75,0.0298,,6.978,1.3061,1.3061,104.5,1.0,1616,3189.43,1.7435,,6.668,11.4358,11.4358,228.7,2.3,693,2166.29,0.4685,,6.858,0.5458,0.5458,,0.2,50,103.00,0.0887,,6.841,9.9730,9.9730,199.5,2.0,560,1511.83,0.3789,,7.550,1.2637,1.2637,,0.5,356,928.01,0.2270,,7.351,1.1501,1.1501,,0.9,794,130.89,0.3648,,7.347,1.4179,1.4179,113.4,1.1,2176,6424.92,2.3483,,9.796,0.6963,0.6963,,0.3,1061,771.72,0.1251,,9.773,50.6403,50.6403,202.6,10.1,8482,6926.41,5.7372,,10.150,0.8093,0.8093,,0.3,1381,345.61,0.1441,,7.827,1.1787,1.1787,,0.5,5405,9002.47,0.4494,,10.122,49.7380,49.7380,199.0,9.9,9578,5241.19,6.4785,,7.702,1.1886,1.1886,,1.0,1201,244.63,0.2873,,8.065,1.1313,1.1313,,0.9,1451,443.92,0.3472,,8.060,1.4516,1.4516,116.1,1.2,4180,851.12,4.5103,
,!,3,TestCal15.d,Sample,,8/28/2025 3:39 PM,3.219,5.3458,5.3458,,1.1,7245,2320.39,0.4026,,3.225,20.2772,20.2772,202.8,2.0,17993,50053.17,2.2750,,4.300,2.5646,2.5646,,1.0,4159,2341.95,0.4304,,4.307,10.0085,10.0085,200.2,2.0,9663,14358.13,1.3423,,5.122,2.6450,2.6450,,1.1,5672,21125.30,0.4401,,5.118,20.8087,20.8087,208.1,4.2,12886,43108.94,1.7900,,4.983,2.6793,2.6793,,1.1,1385,4758.30,0.4191,,4.979,5.3888,5.3888,215.6,1.1,3305,19081.14,2.1946,,4.933,2.6513,2.6513,,1.1,3438,2447.06,0.4502,,4.930,5.0551,5.0551,202.2,1.0,7636,23119.65,1.0607,,4.749,4.8356,4.8356,,1.9,965,4260.49,3.5188,,4.753,9.6679,9.6679,193.4,1.9,274,2319.62,0.1821,,5.536,2.8628,2.8628,,1.1,1090,2031.01,0.5402,,5.419,2.6286,2.6286,,1.1,2790,1070.49,0.4252,,5.423,4.8481,4.8481,193.9,1.0,6562,5875.69,0.9115,,5.583,2.7497,2.7497,,1.1,15193,7794.89,1.1790,,5.988,2.6460,2.6460,,1.1,808,4152.09,0.4006,,5.982,5.1450,5.1450,205.8,1.0,2018,3440.59,1.3400,,5.840,2.4072,2.4072,,1.0,1776,16.11,0.3601,,5.836,2.4434,2.4434,97.7,1.0,4933,13943.82,12.4949,,5.664,4.2880,4.2880,,1.7,378,1070.00,1.9084,,5.660,11.4616,11.4616,229.2,2.3,198,594.53,0.1317,,6.399,2.6978,2.6978,,1.1,842,1383.38,0.5037,,6.228,2.7172,2.7172,,2.2,1192,536.17,0.8624,,6.232,1.2071,1.2071,96.6,1.0,1383,4220.76,0.9375,,8.486,1.9147,1.9147,,0.8,1976,6109.75,0.2815,,6.803,2.2720,2.2720,,0.9,618,1982.69,0.3696,,8.483,4.9928,4.9928,199.7,1.0,7019,37923.71,3.9443,,6.798,4.6578,4.6578,186.3,0.9,1671,3374.37,0.9390,,9.911,1.4104,1.4104,,0.6,733,2571.14,0.3687,,6.612,2.5725,2.5725,,2.1,1327,284.37,0.7424,,9.904,4.8975,4.8975,195.9,1.0,1989,3889.05,1.1177,,6.609,1.3081,1.3081,104.6,1.0,1788,381.33,1.9481,,10.098,2.7566,2.7566,,0.6,232,526.62,0.1098,,6.430,5.1742,5.1742,,2.1,311,424.56,1.9952,,6.426,9.8352,9.8352,196.7,2.0,156,184.75,0.1034,,7.086,2.6444,2.6444,,1.1,25583,40590.01,1.9853,,10.245,4.8637,4.8637,97.3,1.0,2114,11500.03,1.1882,,7.180,2.9899,2.9899,,1.2,932,3294.14,0.5580,,6.984,2.5435,2.5435,,2.0,1514,834.40,0.9232,,6.678,0.9158,0.9158,,0.4,95,358.93,0.1433,,6.978,1.3388,1.3388,107.1,1.1,1640,3840.81,1.7872,,6.668,9.1346,9.1346,182.7,1.8,666,1564.88,0.3743,,6.841,1.2414,1.2414,,0.5,126,161.45,0.2014,,6.841,9.2607,9.2607,185.2,1.9,626,4998.70,0.3518,,7.550,2.7493,2.7493,,1.1,827,3200.70,0.4947,,7.351,2.4549,2.4549,,2.0,1635,187.51,0.7785,,7.347,1.3821,1.3821,110.6,1.1,2101,2865.09,2.2890,,9.796,1.5831,1.5831,,0.6,2620,22798.91,0.2840,,9.773,45.7638,45.7638,183.1,9.2,9227,6272.46,5.1847,,10.150,1.5366,1.5366,,0.6,2830,4146.36,0.2733,,7.827,2.6570,2.6570,,1.1,13087,31495.50,1.0156,,10.122,44.6637,44.6637,178.7,8.9,10353,4021.73,5.8176,,7.710,2.5950,2.5950,,2.1,2635,1429.27,0.6256,,8.057,2.5795,2.5795,,2.1,3330,1626.38,0.7907,,8.060,1.4772,1.4772,118.2,1.2,4212,14334.68,4.5897,
,!,4,TestCal16.d,Sample,,8/28/2025 3:55 PM,3.219,11.4584,11.4584,,2.3,14858,8328.76,0.8630,,3.217,20.2633,20.2633,202.6,2.0,17216,2120.47,2.2735,,4.300,5.4813,5.4813,,2.2,8409,10619.51,0.9199,,4.307,9.7362,9.7362,194.7,1.9,9142,23609.84,1.3058,,5.122,5.6888,5.6888,,2.3,11601,2505.92,0.9465,,5.118,20.3520,20.3520,203.5,4.1,12257,20435.22,1.7507,,4.983,5.5035,5.5035,,2.2,2608,3541.54,0.8606,,4.979,5.1781,5.1781,207.1,1.0,3031,3387.94,2.1088,,4.933,5.7111,5.7111,,2.3,7064,5686.40,0.9698,,4.930,4.9580,4.9580,198.3,1.0,7284,45526.98,1.0404,,4.749,9.1677,9.1677,,3.7,1872,16145.64,6.6302,,4.745,10.4304,10.4304,208.6,2.1,282,610.83,0.1965,,5.528,5.8591,5.8591,,2.3,2142,9800.63,1.1063,,5.419,5.4536,5.4536,,2.2,5503,2315.18,0.8821,,5.423,4.7392,4.7392,189.6,0.9,6238,16929.94,0.8911,,5.582,5.6996,5.6996,,2.3,29953,150008.01,2.4438,,5.988,5.4796,5.4796,,2.2,1606,286.20,0.8296,,5.982,5.1729,5.1729,206.9,1.0,1936,11327.77,1.3472,,5.840,5.6179,5.6179,,2.2,3795,74.22,0.8404,,5.836,2.4697,2.4697,98.8,1.0,4516,26604.18,12.6294,,5.664,10.3725,10.3725,,4.1,755,2305.66,4.6163,,5.669,9.9111,9.9111,198.2,2.0,164,498.20,0.1139,,6.399,5.4269,5.4269,,2.2,1672,5039.45,1.0132,,6.228,5.7883,5.7883,,4.6,2400,1055.23,1.8437,,6.232,1.2803,1.2803,102.4,1.0,1302,2987.75,0.9943,,8.477,3.9601,3.9601,,1.6,3860,10766.13,0.5833,,6.795,4.9585,4.9585,,2.0,1331,1599.90,0.8065,,8.483,5.4197,5.4197,216.8,1.1,6618,17521.73,4.2816,,6.798,5.2942,5.2942,211.8,1.1,1650,2647.47,1.0673,,9.911,3.0869,3.0869,,1.2,1480,5582.27,0.8076,,6.612,5.3562,5.3562,,4.3,2582,341.19,1.5457,,9.904,5.1946,5.1946,207.8,1.0,1833,363.26,1.1855,,6.609,1.2192,1.2192,97.5,1.0,1670,3686.13,1.8157,,10.098,6.0680,6.0680,,1.2,476,2222.49,0.2420,,6.430,11.0542,11.0542,,4.4,596,1787.31,4.2391,,6.426,9.3112,9.3112,186.2,1.9,141,246.36,0.0979,,7.086,5.4215,5.4215,,2.2,49808,133408.79,4.0637,,10.245,5.2128,5.2128,104.3,1.0,1968,4944.53,1.2735,,7.180,5.6020,5.6020,,2.2,1721,1659.99,1.0432,,6.984,5.4389,5.4389,,4.4,2897,695.96,1.9742,,6.669,2.5381,2.5381,,1.0,259,704.28,0.3966,,6.978,1.1948,1.1948,95.6,1.0,1467,6570.38,1.5950,,6.668,10.3011,10.3011,206.0,2.1,652,1963.10,0.4221,,6.849,2.4859,2.4859,,1.0,238,927.98,0.4022,,6.841,10.0900,10.0900,201.8,2.0,593,2508.79,0.3833,,7.550,5.6664,5.6664,,2.3,1688,3050.90,1.0232,,7.351,5.3359,5.3359,,4.3,3174,894.00,1.6913,,7.347,1.2319,1.2319,98.6,1.0,1877,9430.88,2.0402,,9.796,3.4024,3.4024,,1.4,5271,1498.24,0.6083,,9.773,49.4793,49.4793,197.9,9.9,8665,5623.32,5.6057,,10.150,3.4679,3.4679,,1.4,5932,1121.26,0.6147,,7.827,5.5256,5.5256,,2.2,26019,20054.10,2.1228,,10.122,47.9256,47.9256,191.7,9.6,9649,1884.59,6.2424,,7.702,5.5609,5.5609,,4.4,5172,3310.80,1.3332,,8.057,5.3518,5.3518,,4.3,6349,3666.59,1.6366,,8.060,1.3572,1.3572,108.6,1.1,3879,11660.81,4.2169,
,!,5,TestCal17.d,Sample,,8/28/2025 4:10 PM,3.228,21.8728,21.8728,,4.4,31831,11993.13,1.6474,,3.225,20.3078,20.3078,203.1,2.0,19322,33167.35,2.2785,,4.300,10.5723,10.5723,,4.2,18116,11134.92,1.7742,,4.307,9.7968,9.7968,195.9,2.0,10210,61121.15,1.3139,,5.122,10.7062,10.7062,,4.3,24370,162610.12,1.7808,,5.126,20.4715,20.4715,204.7,4.1,13685,12123.21,1.7610,,4.983,10.3269,10.3269,,4.1,5575,9225.24,1.6141,,4.979,5.2472,5.2472,209.9,1.0,3454,7482.70,2.1370,,4.933,10.6091,10.6091,,4.2,14857,4941.01,1.8016,,4.930,5.0575,5.0575,202.3,1.0,8247,14522.56,1.0612,,4.749,18.4115,18.4115,,7.4,4058,18608.75,13.1399,,4.753,10.1432,10.1432,202.9,2.0,309,302.50,0.1911,,5.536,10.8849,10.8849,,4.4,4550,11849.18,2.0575,,5.419,10.7594,10.7594,,4.3,12245,2735.46,1.7402,,5.423,4.8158,4.8158,192.6,1.0,7036,2827.39,0.9055,,5.582,10.8346,10.8346,,4.3,63572,8846.37,4.6455,,5.988,9.9095,9.9095,,4.0,3317,2182.94,1.5002,,5.991,5.2530,5.2530,210.1,1.1,2211,2941.57,1.3681,,5.840,10.6242,10.6242,,4.2,8155,132.73,1.5892,,5.844,2.3912,2.3912,95.6,1.0,5132,6426.07,12.2277,,5.664,19.6248,19.6248,,7.8,1646,3464.94,8.7341,,5.669,10.1512,10.1512,203.0,2.0,188,1147.76,0.1166,,6.399,10.6393,10.6393,,4.3,3612,14379.08,1.9864,,6.236,10.7063,10.7063,,8.6,5131,595.70,3.4296,,6.232,1.2812,1.2812,102.5,1.0,1496,2014.59,0.9951,,8.477,7.6613,7.6613,,3.1,8368,12849.73,1.1321,,6.803,8.1475,8.1475,,3.3,2410,2906.86,1.3253,,8.483,5.3735,5.3735,214.9,1.1,7392,54981.40,4.2451,,6.798,5.1795,5.1795,207.2,1.0,1818,3902.62,1.0442,,9.911,2.1465,2.1465,,0.9,1146,7246.12,0.5613,,6.612,11.3387,11.3387,,9.1,5662,6950.04,3.2723,,9.904,5.1383,5.1383,205.5,1.0,2042,419.88,1.1727,,6.609,1.2734,1.2734,101.9,1.0,1730,7660.39,1.8965,,10.098,11.9864,11.9864,,2.4,1063,2173.05,0.4787,,6.430,19.5803,19.5803,,7.8,1197,2081.31,7.4488,,6.426,9.4605,9.4605,189.2,1.9,161,348.00,0.0995,,7.086,10.4311,10.4311,,4.2,106686,138551.05,7.7960,,10.245,5.2201,5.2201,104.4,1.0,2221,7032.47,1.2752,,7.180,10.9458,10.9458,,4.4,3689,5892.34,2.0286,,6.984,11.3900,11.3900,,9.1,6124,21556.22,4.1343,,6.678,5.3141,5.3141,,2.1,601,1594.50,0.8286,,6.986,1.2161,1.2161,97.3,1.0,1481,5661.90,1.6234,,6.668,10.1670,10.1670,203.3,2.0,725,2235.30,0.4166,,6.849,4.7272,4.7272,,1.9,512,108.94,0.7614,,6.841,10.1595,10.1595,203.2,2.0,672,1507.04,0.3860,,7.550,10.7446,10.7446,,4.3,3549,14494.61,1.9520,,7.343,10.3777,10.3777,,8.3,6714,967.66,3.2866,,7.347,1.3520,1.3520,108.2,1.1,2043,5393.00,2.2391,,9.796,6.7132,6.7132,,2.7,11795,2233.19,1.1930,,9.773,50.1171,50.1171,200.5,10.0,9887,10423.91,5.6779,,10.150,6.5441,6.5441,,2.6,12538,3070.30,1.1538,,7.827,10.4599,10.4599,,4.2,55470,92562.38,4.0534,,10.122,47.9110,47.9110,191.6,9.6,10867,3057.83,6.2405,,7.702,11.0084,11.0084,,8.8,10591,12109.05,2.6125,,8.057,10.5150,10.5150,,8.4,12977,6250.20,3.2010,,8.060,1.4301,1.4301,114.4,1.1,4054,4433.40,4.4435,
,!,6,TestCal18.d,Sample,,8/28/2025 4:25 PM,3.228,63.9066,63.9066,,12.8,71965,30177.54,4.8133,,3.225,20.1849,20.1849,201.8,2.0,14951,49363.92,2.2647,,4.300,30.5171,30.5171,,12.2,40953,59193.78,5.1213,,4.307,10.0798,10.0798,201.6,2.0,7997,28497.83,1.3519,,5.122,32.3684,32.3684,,12.9,54068,254991.73,5.3779,,5.118,19.7584,19.7584,197.6,4.0,10054,22886.38,1.6996,,4.983,30.5143,30.5143,,12.2,12722,20816.16,4.7592,,4.979,5.0365,5.0365,201.5,1.0,2673,4990.26,2.0512,,4.933,30.7634,30.7634,,12.3,32923,95399.20,5.2241,,4.930,5.0774,5.0774,203.1,1.0,6302,9543.23,1.0654,,4.757,63.2434,63.2434,,25.3,9215,46785.43,42.2108,,4.753,8.8917,8.8917,177.8,1.8,218,877.08,0.1675,,5.528,33.3557,33.3557,,13.3,10435,16598.69,6.3350,,5.419,30.9422,30.9422,,12.4,27275,6742.66,5.0047,,5.415,4.9003,4.9003,196.0,1.0,5450,2582.59,0.9213,,5.574,31.8334,31.8334,,12.7,137225,32109.81,13.6490,,5.988,30.9779,30.9779,,12.4,7725,7908.92,4.6899,,5.982,4.8529,4.8529,194.1,1.0,1647,4789.21,1.2639,,5.840,30.4819,30.4819,,12.2,18562,354.33,4.5597,,5.836,2.6723,2.6723,106.9,1.1,4071,9627.56,13.6655,,5.664,57.9640,57.9640,,23.2,3558,26251.74,25.7971,,5.660,9.2132,9.2132,184.3,1.8,138,681.20,0.1058,,6.399,29.8972,29.8972,,12.0,8098,16329.13,5.5820,,6.228,30.4462,30.4462,,24.4,11369,2325.85,9.9753,,6.232,1.2119,1.2119,97.0,1.0,1140,237.36,0.9412,,8.477,14.1783,14.1783,,5.7,12139,13183.31,2.1068,,6.795,24.4557,24.4557,,9.8,5771,1071.19,3.9779,,8.483,5.1218,5.1218,204.9,1.0,5762,28396.08,4.0462,,6.798,5.0534,5.0534,202.1,1.0,1451,6441.70,1.0188,,9.911,16.1224,16.1224,,6.4,6911,13496.13,4.2453,,6.612,30.9225,30.9225,,24.7,12282,3013.15,8.9240,,9.904,5.0093,5.0093,200.4,1.0,1628,624.94,1.1433,,6.609,1.1878,1.1878,95.0,1.0,1376,2391.99,1.7690,,10.098,32.0011,32.0011,,6.4,2272,26849.31,1.2844,,6.422,72.7278,72.7278,,29.1,2665,5453.28,26.2782,,6.418,7.4007,7.4007,148.0,1.5,101,289.46,0.0778,,7.086,31.6790,31.6790,,12.7,235098,317790.06,23.3839,,10.245,5.0844,5.0844,101.7,1.0,1769,2964.88,1.2421,,7.180,30.8230,30.8230,,12.3,8142,6419.20,5.6121,,6.984,28.8853,28.8853,,23.1,13523,3206.18,10.4846,,6.669,15.4182,15.4182,,6.2,1295,2707.26,2.3864,,6.978,1.2419,1.2419,99.3,1.0,1290,2670.64,1.6578,,6.668,9.3036,9.3036,186.1,1.9,543,1091.25,0.3812,,6.849,10.8567,10.8567,,4.3,880,1045.67,1.7269,,6.841,9.4238,9.4238,188.5,1.9,510,1213.08,0.3580,,7.550,29.6832,29.6832,,11.9,8001,22154.04,5.5154,,7.351,27.9901,27.9901,,22.4,14533,2552.69,8.8376,,7.347,1.2762,1.2762,102.1,1.0,1644,3609.62,2.1137,,9.796,20.3674,20.3674,,8.1,27050,5010.41,3.5290,,9.773,47.5126,47.5126,190.1,9.5,7665,8162.46,5.3828,,10.150,19.2688,19.2688,,7.7,28240,3748.90,3.3209,,7.827,30.9337,30.9337,,12.4,124842,92878.73,12.4174,,10.122,45.8481,45.8481,183.4,9.2,8504,2360.09,5.9718,,7.710,32.4680,32.4680,,26.0,23189,14212.48,7.3939,,8.057,31.0149,31.0149,,24.8,29078,18146.32,9.2718,,8.060,1.2974,1.2974,103.8,1.0,3136,13022.60,4.0311,
!,!,7,TestCal19.d,Sample,,8/28/2025 4:41 PM,3.228,281.4140,281.4140,,56.3,268577,61992.10,21.1957,,3.225,20.3555,20.3555,203.6,2.0,12671,28869.70,2.2838,,4.300,134.5446,134.5446,,53.8,166718,120022.21,22.5791,,4.307,10.5812,10.5812,211.6,2.1,7384,5957.81,1.4191,,5.122,130.4703,130.4703,,52.2,193826,228137.34,21.5676,,5.118,20.0790,20.0790,200.8,4.0,8987,1812.78,1.7272,,4.983,135.5711,135.5711,,54.2,53955,38484.33,20.9096,,4.979,4.7879,4.7879,191.5,1.0,2580,3967.80,1.9499,,4.933,137.0177,137.0177,,54.8,128042,18055.14,23.2675,,4.930,5.0404,5.0404,201.6,1.0,5503,13483.45,1.0576,,4.749,,,,0.0,39993,82953.93,151.3555,,4.753,10.5995,10.5995,212.0,2.1,264,1664.55,0.1997,,5.528,127.0183,127.0183,,50.8,44050,122623.11,24.6021,,5.419,138.3548,138.3548,,55.3,116355,13146.34,22.3778,,5.423,5.3150,5.3150,212.6,1.1,5200,20888.58,0.9993,,5.574,131.7663,131.7663,,52.7,507731,1149574.37,56.4968,,5.988,131.6862,131.6862,,52.7,35697,42918.77,19.9366,,5.982,5.1951,5.1951,207.8,1.0,1791,12003.99,1.3530,,5.840,137.7795,137.7795,,55.1,82227,1210.87,20.6099,,5.836,2.5989,2.5989,104.0,1.0,3990,11742.71,13.2903,,5.664,180.8144,180.8144,,72.3,15539,54603.58,80.4720,,5.660,12.7023,12.7023,254.0,2.5,193,863.65,0.1459,,6.399,130.1758,130.1758,,52.1,33409,58277.37,24.3045,,6.228,119.7121,119.7121,,95.8,51530,3836.99,43.1760,,6.232,1.3166,1.3166,105.3,1.1,1193,2373.37,1.0225,,8.486,91.6220,91.6220,,36.6,84985,54071.04,14.5187,,6.795,130.4132,130.4132,,52.2,29159,71758.03,21.2129,,8.483,5.4971,5.4971,219.9,1.1,5853,80635.67,4.3427,,6.798,5.0586,5.0586,202.3,1.0,1375,3729.59,1.0198,,9.911,66.4145,66.4145,,26.6,32442,29146.90,17.9221,,6.612,154.6349,154.6349,,123.7,54482,47771.55,44.6264,,9.904,5.8843,5.8843,235.4,1.2,1810,362.33,1.3430,,6.609,1.1203,1.1203,89.6,0.9,1221,2983.19,1.6685,,10.090,145.5645,145.5645,,29.1,10221,51859.08,6.0043,,6.422,245.8232,245.8232,,98.3,11031,21280.73,73.5294,,6.426,10.7829,10.7829,215.7,2.2,150,539.99,0.1134,,7.086,138.3915,138.3915,,55.4,860428,790527.23,95.7426,,10.245,5.1698,5.1698,103.4,1.0,1702,123090.23,1.2629,,7.180,145.8738,145.8738,,58.3,32726,6821.88,23.8077,,6.984,132.3959,132.3959,,105.9,54662,74912.91,48.0563,,6.669,73.4241,73.4241,,29.4,6148,1186.01,10.8810,,6.978,1.1645,1.1645,93.2,0.9,1137,4579.29,1.5545,,6.668,10.2308,10.2308,204.6,2.0,565,1716.94,0.4192,,6.849,78.0642,78.0642,,31.2,5526,7885.44,10.7009,,6.841,10.0847,10.0847,201.7,2.0,516,1141.84,0.3831,,7.550,121.2365,121.2365,,48.5,34292,6758.47,24.9470,,7.351,121.1276,121.1276,,96.9,62040,10800.77,37.6301,,7.347,1.3605,1.3605,108.8,1.1,1649,4511.29,2.2532,,9.796,99.2256,99.2256,,39.7,109260,3353.35,14.6485,,9.773,48.8445,48.8445,195.4,9.8,7459,5724.11,5.5337,,10.150,93.4544,93.4544,,37.4,112728,21570.56,13.9472,,7.827,118.1859,118.1859,,47.3,489260,194923.14,54.4415,,10.122,46.0367,46.0367,184.1,9.2,8082,4802.14,5.9964,,7.710,191.0337,191.0337,,152.8,97076,17741.28,29.9728,,8.065,143.3993,143.3993,,114.7,124888,11885.45,38.5599,,8.060,1.4246,1.4246,114.0,1.1,3239,20742.14,4.4263,
!,!,Rinse,TestCal20.d,Sample,,8/28/2025 4:56 PM,3.211,78.2852,78.2852,,15.7,10,9.83,5.8963,,3.208,19.1416,19.1416,191.4,1.9,2,8.03,2.1476,,3.936,9.3803,9.3803,,3.8,5,3.27,1.5742,,4.307,27.3911,27.3911,547.8,5.5,3,45.48,3.6736,,5.154,9.0188,9.0188,,3.6,1,5.26,1.5002,,5.093,7.9862,7.9862,79.9,1.6,1,1.78,0.6870,,5.056,5.9907,5.9907,,2.4,1,2.96,0.9368,,5.069,15.8177,15.8177,632.7,3.2,1,9.44,6.4418,,5.469,3067.6459,3067.6459,,1227.1,193,40.42,520.9292,,4.979,2.2643,2.2643,90.6,0.5,0,2.29,0.4751,,4.724,0.5651,0.5651,,0.2,0,5.77,0.4137,,4.778,287.5011,287.5011,5750.0,57.5,1,1.33,5.4158,,5.602,43.6028,43.6028,,17.4,1,43.57,8.2991,,5.370,1.4672,1.4672,,0.6,2,2.10,0.2373,,5.160,55.1088,55.1088,2204.4,11.0,8,18.60,10.3615,,5.583,30.8386,30.8386,,12.3,7,6.04,13.2225,,6.111,36.9799,36.9799,,14.8,1,4.28,5.5986,,6.041,3.2100,3.2100,128.4,0.6,0,1.39,0.8360,,5.882,428.6807,428.6807,,171.5,18,8.00,64.1246,,5.877,0.0529,0.0529,2.1,0.0,0,1.46,0.2703,,5.425,2.0425,2.0425,,0.8,1,1.21,0.9090,,5.957,353.2964,353.2964,7065.9,70.7,1,5.91,4.0585,,6.375,4.7894,4.7894,,1.9,0,10.16,0.8942,,6.359,39.4025,39.4025,,31.5,13,9.42,13.0403,,6.273,4.2760,4.2760,342.1,3.4,1,25.96,3.3209,,8.462,64.8340,64.8340,,25.9,7,66.50,10.0525,,6.820,4.0015,4.0015,,1.6,0,5.52,0.6509,,8.500,0.3923,0.3923,15.7,0.1,1,3.34,0.3099,,6.970,0.8624,0.8624,34.5,0.2,0,1.31,0.1739,,9.936,5.4058,5.4058,,2.2,1,24.32,1.4159,,6.694,4.4473,4.4473,,3.6,2,13.50,1.2835,,9.913,1.5288,1.5288,61.2,0.3,1,5.15,0.3489,,6.682,1.0662,1.0662,85.3,0.9,1,19.69,1.5878,,10.272,23.7222,23.7222,,4.7,1,7.22,0.9502,,6.438,15.4902,15.4902,,6.2,2,9.11,5.9156,,6.336,171.4940,171.4940,3429.9,34.3,0,2.34,1.8029,,7.061,63.0952,63.0952,,25.2,24,37.00,45.7133,,10.295,0.9995,0.9995,20.0,0.2,1,8.21,0.2442,,7.189,15.4545,15.4545,,6.2,1,5.72,2.8528,,7.033,19.8328,19.8328,,15.9,6,33.43,7.1988,,6.711,4.8751,4.8751,,2.0,1,2.65,0.7604,,6.978,0.7693,0.7693,61.5,0.6,1,9.91,1.0269,,6.693,15.6889,15.6889,313.8,3.1,1,4.34,0.6428,,7.030,11.9157,11.9157,,4.8,2,6.08,1.8912,,6.857,12.2040,12.2040,244.1,2.4,1,14.57,0.4636,,7.625,2.5425,2.5425,,1.0,0,13.23,0.4574,,7.490,11.4885,11.4885,,9.2,3,0.93,3.6377,,7.339,0.6182,0.6182,49.5,0.5,1,1.32,1.0239,,9.787,67.8920,67.8920,,27.2,11,14.60,10.7143,,9.773,4.3282,4.3282,17.3,0.9,1,2.72,0.4904,,10.133,109.0818,109.0818,,43.6,26,51.56,15.7486,,7.951,5.7493,5.7493,,2.3,1,7.18,2.2096,,10.155,5.8467,5.8467,23.4,1.2,2,1.65,0.7615,,7.660,179.1281,179.1281,,143.3,6,23.30,29.0575,,8.073,129.9059,129.9059,,103.9,7,6.05,35.4002,,8.151,0.0710,0.0710,5.7,0.1,0,3.63,0.2206,
