Sample;;;;;;;PFBA Results;;;;;;;;13C4-PFBA Results;;;;;;;;PFPeA Results;;;;;;;;13C5-PFPeA Results;;;;;;;;HFPO-DA Results;;;;;;;;13C3-HFPO-DA Results;;;;;;;;PFBS Results;;;;;;;;13C3-PFBS Results;;;;;;;;PFHxA Results;;;;;;;;13C5-PFHxA Results;;;;;;;;4:2 FTS Results;;;;;;;;13C2-4:2FTS Results;;;;;;;;PFPeS Results;;;;;;;;PFPHpA Results;;;;;;;;13C4-PFHpA Results;;;;;;;;ADONA Results;;;;;;;;PFHxS Results;;;;;;;;13C3-PFHxS Results;;;;;;;;PFOA Results;;;;;;;;13C8-PFOA Results;;;;;;;;6:2 FTS Results;;;;;;;;13C2-6:2FTS Results;;;;;;;;PFHpS Results;;;;;;;;PFNA Results;;;;;;;;13C9-PFNA Results;;;;;;;;PFOSA Results;;;;;;;;PFOS Results;;;;;;;;13C8-PFOSA Results;;;;;;;;13C8-PFOS Results;;;;;;;;NMeFOSA Results;;;;;;;;PFDA Results;;;;;;;;D3-NMeFOSA Results;;;;;;;;13C6-PFDA Results;;;;;;;;NEtFOSA Results;;;;;;;;8:2 FTS Results;;;;;;;;13C2-8:2FTS Results;;;;;;;;9Cl-PF3ONS Results;;;;;;;;D5-NEtFOSA Results;;;;;;;;PFNS Results;;;;;;;;PFUnA Results;;;;;;;;NMeFOSAA Results;;;;;;;;13C7-PFUnA Results;;;;;;;;D3-NMeFOSAA Results;;;;;;;;NEtFOSAA Results;;;;;;;;D5-NEtFOSAA Results;;;;;;;;PFDS Results;;;;;;;;PFDoA Results;;;;;;;;13C2-PFDoA Results;;;;;;;;NMeFOSE Results;;;;;;;;D7-NMeFOSE Results;;;;;;;;NEtFOSE Results;;;;;;;;11Cl-PF3OUdS Results;;;;;;;;D9-NEtFOSE Results;;;;;;;;PFTrDA Results;;;;;;;;PFTeDA Results;;;;;;;;13C2-PFTeDA Results;;;;;;;
;;Name;Data File;Type;Level;Acq. Date-Time;RT;Final Conc.;Calc. Conc.;Surrogate % Recovery;ISTD Conc. Ratio;Area;RR;Accuracy;RT;Final Conc.;Calc. Conc.;Surrogate % Recovery;ISTD Conc. Ratio;Area;RR;Accuracy;RT;Final Conc.;Calc. Conc.;Surrogate % Recovery;ISTD Conc. Ratio;Area;RR;Accuracy;RT;Final Conc.;Calc. Conc.;Surrogate % Recovery;ISTD Conc. Ratio;Area;RR;Accuracy;RT;Final Conc.;Calc. Conc.;Surrogate % Recovery;ISTD Conc. Ratio;Area;RR;Accuracy;RT;Final Conc.;Calc. Conc.;Surrogate % Recovery;ISTD Conc. Ratio;Area;RR;Accuracy;RT;Final Conc.;Calc. Conc.;Surrogate % Recovery;ISTD Conc. Ratio;Area;RR;Accuracy;RT;Final Conc.;Calc. Conc.;Surrogate % Recovery;ISTD Conc. Ratio;Area;RR;Accuracy;RT;Final Conc.;Calc. Conc.;Surrogate % Recovery;ISTD Conc. Ratio;Area;RR;Accuracy;RT;Final Conc.;Calc. Conc.;Surrogate % Recovery;ISTD Conc. Ratio;Area;RR;Accuracy;RT;Final Conc.;Calc. Conc.;Surrogate % Recovery;ISTD Conc. Ratio;Area;RR;Accuracy;RT;Final Conc.;Calc. Conc.;Surrogate % Recovery;ISTD Conc. Ratio;Area;RR;Accuracy;RT;Final Conc.;Calc. Conc.;Surrogate % Recovery;ISTD Conc. Ratio;Area;RR;Accuracy;RT;Final Conc.;Calc. Conc.;Surrogate % Recovery;ISTD Conc. Ratio;Area;RR;Accuracy;RT;Final Conc.;Calc. Conc.;Surrogate % Recovery;ISTD Conc. Ratio;Area;RR;Accuracy;RT;Final Conc.;Calc. Conc.;Surrogate % Recovery;ISTD Conc. Ratio;Area;RR;Accuracy;RT;Final Conc.;Calc. Conc.;Surrogate % Recovery;ISTD Conc. Ratio;Area;RR;Accuracy;RT;Final Conc.;Calc. Conc.;Surrogate % Recovery;ISTD Conc. Ratio;Area;RR;Accuracy;RT;Final Conc.;Calc. Conc.;Surrogate % Recovery;ISTD Conc. Ratio;Area;RR;Accuracy;RT;Final Conc.;Calc. Conc.;Surrogate % Recovery;ISTD Conc. Ratio;Area;RR;Accuracy;RT;Final Conc.;Calc. Conc.;Surrogate % Recovery;ISTD Conc. Ratio;Area;RR;Accuracy;RT;Final Conc.;Calc. Conc.;Surrogate % Recovery;ISTD Conc. Ratio;Area;RR;Accuracy;RT;Final Conc.;Calc. Conc.;Surrogate % Recovery;ISTD Conc. Ratio;Area;RR;Accuracy;RT;Final Conc.;Calc. Conc.;Surrogate % Recovery;ISTD Conc. Ratio;Area;RR;Accuracy;RT;Final Conc.;Calc. Conc.;Surrogate % Recovery;ISTD Conc. Ratio;Area;RR;Accuracy;RT;Final Conc.;Calc. Conc.;Surrogate % Recovery;ISTD Conc. Ratio;Area;RR;Accuracy;RT;Final Conc.;Calc. Conc.;Surrogate % Recovery;ISTD Conc. Ratio;Area;RR;Accuracy;RT;Final Conc.;Calc. Conc.;Surrogate % Recovery;ISTD Conc. Ratio;Area;RR;Accuracy;RT;Final Conc.;Calc. Conc.;Surrogate % Recovery;ISTD Conc. Ratio;Area;RR;Accuracy;RT;Final Conc.;Calc. Conc.;Surrogate % Recovery;ISTD Conc. Ratio;Area;RR;Accuracy;RT;Final Conc.;Calc. Conc.;Surrogate % Recovery;ISTD Conc. Ratio;Area;RR;Accuracy;RT;Final Conc.;Calc. Conc.;Surrogate % Recovery;ISTD Conc. Ratio;Area;RR;Accuracy;RT;Final Conc.;Calc. Conc.;Surrogate % Recovery;ISTD Conc. Ratio;Area;RR;Accuracy;RT;Final Conc.;Calc. Conc.;Surrogate % Recovery;ISTD Conc. Ratio;Area;RR;Accuracy;RT;Final Conc.;Calc. Conc.;Surrogate % Recovery;ISTD Conc. Ratio;Area;RR;Accuracy;RT;Final Conc.;Calc. Conc.;Surrogate % Recovery;ISTD Conc. Ratio;Area;RR;Accuracy;RT;Final Conc.;Calc. Conc.;Surrogate % Recovery;ISTD Conc. Ratio;Area;RR;Accuracy;RT;Final Conc.;Calc. Conc.;Surrogate % Recovery;ISTD Conc. Ratio;Area;RR;Accuracy;RT;Final Conc.;Calc. Conc.;Surrogate % Recovery;ISTD Conc. Ratio;Area;RR;Accuracy;RT;Final Conc.;Calc. Conc.;Surrogate % Recovery;ISTD Conc. Ratio;Area;RR;Accuracy;RT;Final Conc.;Calc. Conc.;Surrogate % Recovery;ISTD Conc. Ratio;Area;RR;Accuracy;RT;Final Conc.;Calc. Conc.;Surrogate % Recovery;ISTD Conc. Ratio;Area;RR;Accuracy;RT;Final Conc.;Calc. Conc.;Surrogate % Recovery;ISTD Conc. Ratio;Area;RR;Accuracy;RT;Final Conc.;Calc. Conc.;Surrogate % Recovery;ISTD Conc. Ratio;Area;RR;Accuracy;RT;Final Conc.;Calc. Conc.;Surrogate % Recovery;ISTD Conc. Ratio;Area;RR;Accuracy;RT;Final Conc.;Calc. Conc.;Surrogate % Recovery;ISTD Conc. Ratio;Area;RR;Accuracy;RT;Final Conc.;Calc. Conc.;Surrogate % Recovery;ISTD Conc. Ratio;Area;RR;Accuracy;RT;Final Conc.;Calc. Conc.;Surrogate % Recovery;ISTD Conc. Ratio;Area;RR;Accuracy;RT;Final Conc.;Calc. Conc.;Surrogate % Recovery;ISTD Conc. Ratio;Area;RR;Accuracy;RT;Final Conc.;Calc. Conc.;Surrogate % Recovery;ISTD Conc. Ratio;Area;RR;Accuracy;RT;Final Conc.;Calc. Conc.;Surrogate % Recovery;ISTD Conc. Ratio;Area;RR;Accuracy;RT;Final Conc.;Calc. Conc.;Surrogate % Recovery;ISTD Conc. Ratio;Area;RR;Accuracy;RT;Final Conc.;Calc. Conc.;Surrogate % Recovery;ISTD Conc. Ratio;Area;RR;Accuracy;RT;Final Conc.;Calc. Conc.;Surrogate % Recovery;ISTD Conc. Ratio;Area;RR;Accuracy;RT;Final Conc.;Calc. Conc.;Surrogate % Recovery;ISTD Conc. Ratio;Area;RR;Accuracy;RT;Final Conc.;Calc. Conc.;Surrogate % Recovery;ISTD Conc. Ratio;Area;RR;Accuracy
!;!;blank + EIS;1.d;Sample;;7/30/2025 6:03 PM;3.236;0.0038;0.0038;;0;8;0.0004;;3.25;9.952;9.952;99.5;1;21563;2.2619;;4.353;0.0085;0.0085;;0;16;0.0015;;4.357;4.9312;4.9312;98.6;1;10496;1.3406;;5.146;0.002;0.002;;0;3;0.0002;;5.167;10.1292;10.1292;101.3;2;14129;1.8046;;5.032;0.0017;0.0017;;0;2;0.0007;;5.028;2.3725;2.3725;94.9;0.5;3147;2.0062;;4.983;0.0047;0.0047;;0;16;0.0019;;4.979;2.4169;2.4169;96.7;0.5;8306;1.0608;;4.591;0.0009;0.0009;;0;0;0.0002;;4.802;3.3365;3.3365;66.7;0.7;1036;0.6606;;5.527;0.0014;0.0014;;0;1;0.0007;;5.462;0.0048;0.0048;;0;11;0.0016;;5.464;2.4693;2.4693;98.8;0.5;6949;0.8876;;5.648;0.0007;0.0007;;0;3;0.0002;;6.004;0.0233;0.0233;;0;10;0.0051;;6.024;2.5373;2.5373;101.5;0.5;2033;1.2963;;5.856;0.0102;0.0102;;0;16;0.0033;;5.877;2.6803;2.6803;107.2;1.1;4761;14.0042;;5.689;0.0097;0.0097;;0;1;0.0016;;5.701;3.5107;3.5107;70.2;0.7;466;0.2972;;6.399;0.0007;0.0007;;0;0;0.0002;;6.236;0.0009;0.0009;;0;1;0.0008;;6.265;1.3739;1.3739;109.9;1.1;1471;1.0869;;8.536;0.0039;0.0039;;0;11;0.0015;;6.828;0.0182;0.0182;;0;10;0.0058;;8.533;2.4695;2.4695;98.8;0.5;6879;4.0588;;6.831;2.4198;2.4198;96.8;0.5;1707;1.0073;;9.919;0.0013;0.0013;;0;2;0.0009;;6.637;0.002;0.002;;0;2;0.0013;;9.921;2.3836;2.3836;95.3;0.5;1932;1.1398;;6.642;1.4404;1.4404;115.2;1.2;1750;2.168;;10.189;0.001;0.001;;0;0;0.0002;;6.438;0.0165;0.0165;;0;1;0.0035;;6.451;3.5169;3.5169;70.3;0.7;288;0.1838;;7.25;0.0001;0.0001;;0;0;0;;10.262;2.4167;2.4167;96.7;0.5;2101;1.2398;;7.213;0.0022;0.0022;;0;2;0.001;;7.091;0.0043;0.0043;;0;5;0.0034;;6.341;0.0137;0.0137;;0;1;0.0018;;7.011;1.4393;1.4393;115.1;1.2;1506;1.8651;;6.701;4.563;4.563;228.1;0.9;719;0.4245;;6.833;0.0148;0.0148;;0;1;0.0022;;6.874;4.8029;4.8029;240.1;1;667;0.3935;;7.6;0.0004;0.0004;;0;0;0.0002;;7.351;0.0074;0.0074;;0;11;0.0061;;7.38;1.3904;1.3904;111.2;1.1;1851;2.2925;;9.729;0.0016;0.0016;;0;0;0;;9.79;24.3445;24.3445;97.4;4.9;9528;5.6221;;10.167;0.005;0.005;;0;1;0.0001;;7.885;0.0002;0.0002;;0;3;0.0002;;10.139;24.601;24.601;98.4;4.9;10653;6.286;;7.793;0.0006;0.0006;;0;1;0.0004;;8.065;0.0021;0.0021;;0;5;0.0016;;8.094;1.3095;1.3095;104.8;1;2886;3.574;
;!;QC std;2.d;Sample;;7/30/2025 6:19 PM;3.253;8.9609;8.9609;;0.9;17887;0.8625;;3.258;9.9;9.9;99;1;20738;2.2501;;4.353;5.0193;5.0193;;1;9494;0.9016;;4.357;4.8326;4.8326;96.7;1;10531;1.3138;;5.163;8.8395;8.8395;;0.9;13083;0.9071;;5.159;10.0998;10.0998;101;2;14422;1.7994;;5.023;2.3726;2.3726;;0.9;3162;0.9329;;5.028;2.5427;2.5427;101.7;0.5;3389;2.1501;;4.975;2.3471;2.3471;;0.9;8392;0.9569;;4.979;2.4929;2.4929;99.7;0.5;8770;1.0942;;4.798;10.4417;10.4417;;2.1;2039;1.8452;;4.794;3.54;3.54;70.8;0.7;1105;0.7009;;5.577;2.2323;2.2323;;0.9;2351;1.1259;;5.462;2.5157;2.5157;;1;5968;0.8357;;5.456;2.4788;2.4788;99.2;0.5;7141;0.891;;5.615;9.1324;9.1324;;0.9;33576;2.3281;;6.021;3.2729;3.2729;;1.3;1482;0.7098;;6.024;2.593;2.593;103.7;0.5;2088;1.3248;;5.873;2.0597;2.0597;;0.8;3310;0.6746;;5.877;2.3044;2.3044;92.2;0.9;4906;12.04;;5.705;11.3421;11.3421;;2.3;884;1.7788;;5.701;3.7243;3.7243;74.5;0.7;497;0.3153;;6.441;3.0837;3.0837;;1.2;1770;1.0307;;6.26;1.7273;1.7273;;1.4;2211;1.483;;6.265;1.2561;1.2561;100.5;1;1491;0.9936;;8.536;1.5074;1.5074;;0.6;4004;0.5911;;6.836;2.2693;2.2693;;0.9;1244;0.7242;;8.533;2.5003;2.5003;100;0.5;6773;4.1094;;6.831;2.5032;2.5032;100.1;0.5;1718;1.042;;9.928;1.1736;1.1736;;0.5;1610;0.8072;;6.645;2.5305;2.5305;;2;2813;1.6623;;9.921;2.5309;2.5309;101.2;0.5;1995;1.2102;;6.642;1.1432;1.1432;91.5;0.9;1692;1.7207;;10.115;1.0596;1.0596;;0.4;489;0.2326;;6.454;11.8211;11.8211;;2.4;708;2.4466;;6.451;3.5141;3.5141;70.3;0.7;289;0.1837;;7.119;8.8972;8.8972;;0.9;51948;3.602;;10.262;2.4892;2.4892;99.6;0.5;2105;1.277;;7.213;2.1833;2.1833;;0.9;1747;1.017;;7.017;2.4176;2.4176;;1.9;2876;1.9345;;6.711;3.5395;3.5395;;0.7;341;0.4577;;7.011;1.1665;1.1665;93.3;0.9;1487;1.5116;;6.701;4.8565;4.8565;242.8;1;745;0.4518;;6.882;2.4785;2.4785;;0.5;235;0.3664;;6.882;4.7429;4.7429;237.1;0.9;640;0.3886;;7.583;2.1261;2.1261;;0.9;1605;0.9346;;7.376;2.0859;2.0859;;1.7;3148;1.7001;;7.38;1.1421;1.1421;91.4;0.9;1852;1.8831;;9.821;26.0185;26.0185;;1;5901;0.6257;;9.79;24.7762;24.7762;99.1;5;9431;5.7218;;10.167;25.9364;25.9364;;1;6366;0.6023;;7.86;2.1568;2.1568;;0.2;28638;1.9857;;10.139;25.0956;25.0956;100.4;5;10569;6.4124;;7.735;2.2268;2.2268;;1.8;4061;1.3702;;8.09;2.2061;2.2061;;1.8;4797;1.6185;;8.085;1.1042;1.1042;88.3;0.9;2964;3.0138;
;!;KCS;3.d;Sample;;7/30/2025 6:34 PM;3.286;7.9575;7.9575;;0.8;14536;0.7659;;3.283;9.9402;9.9402;99.4;1;18978;2.2592;;4.361;8.8878;8.8878;;1.8;16639;1.5965;;4.357;4.8303;4.8303;96.6;1;10422;1.3132;;5.163;7.7087;7.7087;;0.8;11801;0.7917;;5.167;10.542;10.542;105.4;2.1;14906;1.8781;;5.032;7.7347;7.7347;;3.1;10231;3.0002;;5.028;2.4758;2.4758;99;0.5;3410;2.0935;;4.983;7.9864;7.9864;;3.2;28247;3.2561;;4.979;2.4903;2.4903;99.6;0.5;8675;1.0931;;4.798;8.971;8.971;;1.8;1776;1.592;;4.794;3.4588;3.4588;69.2;0.7;1116;0.6849;;5.577;7.724;7.724;;3.1;7880;3.8278;;5.462;8.5681;8.5681;;3.4;20395;2.8463;;5.464;2.5118;2.5118;100.5;0.5;7165;0.9028;;5.615;7.3852;7.3852;;0.7;28063;1.8827;;6.021;11.7182;11.7182;;4.7;5232;2.5414;;6.024;2.4739;2.4739;99;0.5;2059;1.2639;;5.881;11.0952;11.0952;;4.4;17629;3.634;;5.877;2.5536;2.5536;102.1;1;4851;13.3419;;5.705;9.557;9.557;;1.9;730;1.5065;;5.701;3.5151;3.5151;70.3;0.7;485;0.2976;;6.441;11.6841;11.6841;;4.7;6516;3.9053;;6.26;8.1709;8.1709;;6.5;10665;6.8856;;6.265;1.3735;1.3735;109.9;1.1;1549;1.0865;;8.536;8.0064;8.0064;;3.2;21390;3.0973;;6.836;7.9552;7.9552;;3.2;4236;2.5387;;8.533;2.4176;2.4176;96.7;0.5;6906;3.9735;;6.831;2.3061;2.3061;92.2;0.5;1668;0.96;;9.936;0.0001;0.0001;;0;0;0.0001;;6.645;8.8933;8.8933;;7.1;10153;5.8419;;9.921;2.5097;2.5097;100.4;0.5;2086;1.2001;;6.642;1.3025;1.3025;104.2;1;1738;1.9604;;10.139;0.0008;0.0008;;0;0;0.0002;;6.454;10.0813;10.0813;;2;546;2.0975;;6.459;3.0586;3.0586;61.2;0.6;260;0.1599;;7.119;7.7634;7.7634;;0.8;46887;3.1455;;10.262;2.4536;2.4536;98.1;0.5;2188;1.2587;;7.213;8.3054;8.3054;;3.3;6291;3.7703;;7.017;8.9069;8.9069;;7.1;10401;7.1272;;6.702;9.651;9.651;;1.9;1021;1.2667;;7.011;1.2704;1.2704;101.6;1;1459;1.6462;;6.701;4.9839;4.9839;249.2;1;806;0.4637;;6.882;10.7309;10.7309;;2.1;972;1.6053;;6.874;4.2511;4.2511;212.6;0.9;605;0.3483;;7.583;7.9444;7.9444;;3.2;5704;3.4185;;7.384;7.9288;7.9288;;6.3;11337;6.3251;;7.38;1.2262;1.2262;98.1;1;1792;2.0218;;9.804;0.0169;0.0169;;0;4;0.0004;;9.79;24.4187;24.4187;97.7;4.9;9801;5.6392;;10.208;0.012;0.012;;0;3;0.0003;;7.86;1.7966;1.7966;;0.2;24682;1.6558;;10.139;24.7111;24.7111;98.8;4.9;10974;6.3141;;7.735;7.7616;7.7616;;6.2;14353;4.7011;;8.09;8.0261;8.0261;;6.4;17694;5.7954;;8.085;1.2618;1.2618;100.9;1;3053;3.4438;
!;!;DWZ;4.d;Sample;;7/30/2025 6:49 PM;3.269;0.0079;0.0079;;0;22;0.0008;;3.267;14.8013;14.8013;148;1.5;29153;3.3641;;4.378;0.0062;0.0062;;0;18;0.0011;;4.357;7.2034;7.2034;144.1;1.4;16139;1.9584;;5.163;0.0024;0.0024;;0;5;0.0003;;5.167;13.6738;13.6738;136.7;2.7;20076;2.4361;;5.007;0.03;0.03;;0;57;0.0118;;5.028;4.0847;4.0847;163.4;0.8;4798;3.454;;4.983;0.0154;0.0154;;0;85;0.0063;;4.979;3.7354;3.7354;149.4;0.7;13512;1.6396;;4.732;0.002;0.002;;0;1;0.0004;;4.794;5.9376;5.9376;118.8;1.2;1633;1.1757;;5.593;0.0019;0.0019;;0;3;0.0009;;5.462;0.0066;0.0066;;0;22;0.0022;;5.464;3.3321;3.3321;133.3;0.7;9870;1.1977;;5.607;0.0002;0.0002;;0;1;0.0001;;6.013;0.0081;0.0081;;0;5;0.0017;;6.024;3.7589;3.7589;150.4;0.8;2668;1.9204;;5.873;0.0415;0.0415;;0;96;0.0136;;5.877;3.268;3.268;130.7;1.3;7033;17.0746;;5.705;0.0298;0.0298;;0;3;0.0048;;5.701;5.5666;5.5666;111.3;1.1;655;0.4713;;6.465;0.0004;0.0004;;0;0;0.0001;;5.921;0.0041;0.0041;;0;7;0.0036;;6.265;1.8506;1.8506;148;1.5;2072;1.4639;;8.536;0.0044;0.0044;;0;15;0.0017;;6.844;0.0405;0.0405;;0;30;0.0129;;8.533;3.3639;3.3639;134.6;0.7;8871;5.5289;;6.831;3.432;3.432;137.3;0.7;2292;1.4287;;9.936;0.0001;0.0001;;0;0;0.0001;;6.916;0.0006;0.0006;;0;1;0.0004;;9.921;2.8028;2.8028;112.1;0.6;2150;1.3402;;6.642;1.8349;1.8349;146.8;1.5;2790;2.7618;;10.164;0.0003;0.0003;;0;0;0.0001;;6.414;0.0172;0.0172;;0;2;0.0037;;6.459;5.7033;5.7033;114.1;1.1;414;0.2981;;7.028;0.0001;0.0001;;0;1;0;;10.262;2.852;2.852;114.1;0.6;2347;1.4631;;7.402;0.0004;0.0004;;0;0;0.0002;;7.05;0.0026;0.0026;;0;6;0.0021;;6.735;0.005;0.005;;0;1;0.0006;;7.011;2.1103;2.1103;168.8;1.7;2763;2.7346;;6.701;5.8315;5.8315;291.6;1.2;870;0.5425;;6.948;0.0292;0.0292;;0;4;0.0043;;6.874;6.5448;6.5448;327.2;1.3;860;0.5362;;7.683;0.0002;0.0002;;0;0;0.0001;;7.417;0.0042;0.0042;;0;10;0.0034;;7.372;1.8054;1.8054;144.4;1.4;3007;2.9767;;9.821;0.0071;0.0071;;0;2;0.0002;;9.79;30.4319;30.4319;121.7;6.1;11276;7.0279;;9.735;0.0038;0.0038;;0;1;0.0001;;7.885;0.0002;0.0002;;0;3;0.0002;;10.139;31.5503;31.5503;126.2;6.3;12935;8.0616;;7.735;0.0015;0.0015;;0;3;0.0009;;8.106;0.0026;0.0026;;0;7;0.0019;;8.085;1.3403;1.3403;107.2;1.1;3696;3.6582;
!;!;KWZ;5.d;Sample;;7/30/2025 7:05 PM;3.269;0.0422;0.0422;;0;60;0.0041;;3.267;6.9861;6.9861;69.9;0.7;14701;1.5878;;4.361;0.0147;0.0147;;0;39;0.0026;;4.349;6.2445;6.2445;124.9;1.2;14889;1.6977;;5.163;0.0028;0.0028;;0;5;0.0003;;5.167;12.0809;12.0809;120.8;2.4;18876;2.1523;;5.032;0.0167;0.0167;;0;27;0.0066;;5.028;3.2151;3.2151;128.6;0.6;4074;2.7187;;4.975;0.0545;0.0545;;0;280;0.0222;;4.979;3.2737;3.2737;130.9;0.7;12602;1.4369;;4.74;0.004;0.004;;0;1;0.0007;;4.794;5.1864;5.1864;103.7;1;1539;1.027;;5.593;0.0008;0.0008;;0;1;0.0004;;5.47;0.0149;0.0149;;0;46;0.0049;;5.456;2.9494;2.9494;118;0.6;9297;1.0601;;5.64;0.0005;0.0005;;0;2;0.0001;;6.029;0.0327;0.0327;;0;17;0.0071;;6.024;3.1427;3.1427;125.7;0.6;2406;1.6056;;5.873;0.187;0.187;;0.1;396;0.0613;;5.877;3.2284;3.2284;129.1;1.3;6460;16.8676;;5.722;0.0149;0.0149;;0;2;0.0024;;5.701;5.1538;5.1538;103.1;1;654;0.4363;;6.432;0.0063;0.0063;;0;4;0.0021;;6.277;0.0027;0.0027;;0;4;0.0023;;6.265;1.5684;1.5684;125.5;1.3;1845;1.2407;;8.527;0.2141;0.2141;;0.1;619;0.0842;;6.844;0.0168;0.0168;;0;10;0.0054;;8.533;2.7505;2.7505;110;0.6;7355;4.5207;;6.831;2.863;2.863;114.5;0.6;1939;1.1918;;9.994;0.0001;0.0001;;0;0;0.0001;;6.67;0.0117;0.0117;;0;18;0.0077;;9.921;2.4064;2.4064;96.3;0.5;1872;1.1507;;6.642;1.6595;1.6595;132.8;1.3;2323;2.4978;;10.247;0.0005;0.0005;;0;0;0.0001;;6.463;0.0078;0.0078;;0;1;0.0017;;6.459;4.3475;4.3475;87;0.9;340;0.2272;;7.16;0.0004;0.0004;;0;3;0.0002;;10.262;2.2714;2.2714;90.9;0.5;1896;1.1652;;7.106;0.0001;0.0001;;0;0;0.0001;;7.017;0.0021;0.0021;;0;3;0.0017;;6.711;0.004;0.004;;0;0;0.0005;;7.011;1.5046;1.5046;120.4;1.2;1813;1.9497;;6.701;5.206;5.206;260.3;1;788;0.4843;;6.923;0.017;0.017;;0;2;0.0025;;6.882;5.4614;5.4614;273.1;1.1;728;0.4475;;7.575;0.0018;0.0018;;0;2;0.0008;;7.302;0.0104;0.0104;;0;19;0.0085;;7.372;1.4194;1.4194;113.5;1.1;2176;2.3403;;9.804;0.0043;0.0043;;0;1;0.0001;;9.79;25.2067;25.2067;100.8;5;9471;5.8212;;10.175;0.0026;0.0026;;0;1;0.0001;;7.918;0.0002;0.0002;;0;3;0.0002;;10.139;26.2899;26.2899;105.2;5.3;10930;6.7175;;7.768;0.003;0.003;;0;5;0.0019;;8.131;0.0032;0.0032;;0;7;0.0024;;8.085;1.1089;1.1089;88.7;0.9;2815;3.0267;
;!;DWP;6.d;Sample;;7/30/2025 7:20 PM;3.261;10.1918;10.1918;;1;16877;0.981;;3.258;9.5564;9.5564;95.6;1;17203;2.172;;4.345;11.3871;11.3871;;2.3;21542;2.0454;;4.349;4.4732;4.4732;89.5;0.9;10532;1.2161;;5.163;9.961;9.961;;1;15328;1.0215;;5.159;9.726;9.726;97.3;1.9;15006;1.7328;;5.023;10.3024;10.3024;;4.1;13042;3.9701;;5.028;2.4163;2.4163;96.7;0.5;3285;2.0432;;4.975;10.5204;10.5204;;4.2;39211;4.2892;;4.971;2.405;2.405;96.2;0.5;9142;1.0556;;4.79;11.7206;11.7206;;2.3;2491;2.0636;;4.794;3.7925;3.7925;75.8;0.8;1207;0.7509;;5.568;10.2664;10.2664;;4.1;9577;5.0459;;5.454;11.6189;11.6189;;4.6;26171;3.8597;;5.456;2.1783;2.1783;87.1;0.4;6781;0.783;;5.615;9.3978;9.3978;;0.9;35950;2.3957;;6.021;15.0592;15.0592;;6;6199;3.266;;6.015;2.3107;2.3107;92.4;0.5;1898;1.1805;;5.873;14.0643;14.0643;;5.6;23034;4.6065;;5.869;2.2562;2.2562;90.2;0.9;5000;11.788;;5.697;11.4873;11.4873;;2.3;975;1.8008;;5.701;3.9761;3.9761;79.5;0.8;541;0.3366;;6.432;14.2529;14.2529;;5.7;7554;4.7639;;6.26;11.5309;11.5309;;9.2;13557;9.6217;;6.256;1.1935;1.1935;95.5;1;1409;0.9441;;8.527;10.693;10.693;;4.3;23958;4.1132;;6.828;9.7221;9.7221;;3.9;4920;3.1026;;8.525;2.0827;2.0827;83.3;0.4;5825;3.4231;;6.831;2.2387;2.2387;89.5;0.4;1586;0.9319;;9.919;0.0014;0.0014;;0;1;0.001;;6.637;11.3257;11.3257;;9.1;13651;7.4398;;9.921;1.7715;1.7715;70.9;0.4;1441;0.8471;;6.633;1.1625;1.1625;93;0.9;1835;1.7497;;10.139;0.0031;0.0031;;0;1;0.0007;;6.454;11.8761;11.8761;;2.4;755;2.4576;;6.459;3.6545;3.6545;73.1;0.7;307;0.191;;7.119;9.2063;9.2063;;0.9;55917;3.7263;;10.262;1.6529;1.6529;66.1;0.3;1443;0.8479;;7.213;10.5471;10.5471;;4.2;7520;4.7422;;7.009;11.4612;11.4612;;9.2;15384;9.1711;;6.702;13.6599;13.6599;;2.7;1159;1.8102;;7.011;1.2345;1.2345;98.8;1;1677;1.5996;;6.701;4.0459;4.0459;202.3;0.8;640;0.3764;;6.882;14.8851;14.8851;;3;1079;2.2402;;6.882;3.4541;3.4541;172.7;0.7;482;0.283;;7.575;9.2343;9.2343;;3.7;6271;3.9547;;7.367;10.345;10.345;;8.3;14398;8.1784;;7.372;1.0182;1.0182;81.5;0.8;1760;1.6788;;9.845;0.002;0.002;;0;0;0;;9.79;18.9028;18.9028;75.6;3.8;7428;4.3654;;10.158;0.0056;0.0056;;0;1;0.0001;;7.852;1.8187;1.8187;;0.2;25152;1.6761;;10.139;19.0228;19.0228;76.1;3.8;8271;4.8606;;7.735;11.2179;11.2179;;9;16188;6.7273;;8.081;10.7618;10.7618;;8.6;18557;7.712;;8.085;0.8407;0.8407;67.3;0.7;2406;2.2946;
;!;KWP;7.d;Sample;;7/30/2025 7:35 PM;3.253;9.0965;9.0965;;0.9;9853;0.8756;;3.25;6.0662;6.0662;60.7;0.6;11253;1.3788;;4.353;10.0503;10.0503;;2;23306;1.8053;;4.349;5.75;5.75;115;1.1;12910;1.5632;;5.163;9.1549;9.1549;;0.9;15357;0.9393;;5.159;11.1126;11.1126;111.1;2.2;16350;1.9798;;5.023;9.2277;9.2277;;3.7;12885;3.5657;;5.028;3.0182;3.0182;120.7;0.6;3613;2.5522;;4.975;9.4058;9.4058;;3.8;40222;3.8347;;4.971;2.8936;2.8936;115.7;0.6;10489;1.2701;;4.79;10.4176;10.4176;;2.1;2753;1.8411;;4.794;5.3335;5.3335;106.7;1.1;1495;1.0561;;5.568;8.5713;8.5713;;3.4;9366;4.2361;;5.462;10.1808;10.1808;;4.1;25849;3.382;;5.456;2.5749;2.5749;103;0.5;7643;0.9255;;5.615;8.6735;8.6735;;0.9;36151;2.2111;;6.021;12.731;12.731;;5.1;6105;2.7611;;6.015;3.0565;3.0565;122.3;0.6;2211;1.5616;;5.873;12.7307;12.7307;;5.1;22862;4.1697;;5.869;2.7626;2.7626;110.5;1.1;5483;14.4342;;5.697;11.5627;11.5627;;2.3;1064;1.8122;;5.701;4.8971;4.8971;97.9;1;587;0.4146;;6.432;13.4667;13.4667;;5.4;7372;4.5011;;6.26;10.1012;10.1012;;8.1;13482;8.4643;;6.265;1.3819;1.3819;110.6;1.1;1593;1.0932;;8.527;9.3688;9.3688;;3.7;23001;3.6139;;6.828;8.8862;8.8862;;3.6;4644;2.8358;;8.525;2.5453;2.5453;101.8;0.5;6365;4.1835;;6.831;2.5859;2.5859;103.4;0.5;1638;1.0765;;9.936;0.0007;0.0007;;0;1;0.0005;;6.637;10.3114;10.3114;;8.2;13499;6.7735;;9.921;2.0883;2.0883;83.5;0.4;1519;0.9985;;6.642;1.4056;1.4056;112.4;1.1;1993;2.1156;;10.305;0.0007;0.0007;;0;0;0.0001;;6.446;8.552;8.552;;1.7;695;1.7874;;6.451;5.2583;5.2583;105.2;1.1;389;0.2748;;7.111;7.5979;7.5979;;0.8;50338;3.0788;;10.262;1.8753;1.8753;75;0.4;1464;0.9621;;7.205;9.486;9.486;;3.8;7017;4.2846;;7.009;9.8225;9.8225;;7.9;12788;7.8599;;6.702;10.4374;10.4374;;2.1;967;1.3725;;7.003;1.3329;1.3329;106.6;1.1;1627;1.7272;;6.701;4.9766;4.9766;248.8;1;704;0.463;;6.882;10.8477;10.8477;;2.2;950;1.6231;;6.874;4.6965;4.6965;234.8;0.9;585;0.3848;;7.575;8.6163;8.6163;;3.4;6057;3.6985;;7.367;8.5088;8.5088;;6.8;13375;6.7731;;7.372;1.2714;1.2714;101.7;1;1975;2.0963;;9.829;0.0062;0.0062;;0;1;0.0001;;9.79;22.34;22.34;89.4;4.5;7849;5.1592;;10.167;0.0081;0.0081;;0;2;0.0002;;7.852;1.4975;1.4975;;0.1;22586;1.3815;;10.139;22.655;22.655;90.6;4.5;8807;5.7887;;7.726;9.9115;9.9115;;7.9;14275;5.9663;;8.081;9.3191;9.3191;;7.5;16042;6.705;;8.085;0.9306;0.9306;74.4;0.7;2393;2.54;
!;!;KCS;8.d;Sample;;7/30/2025 7:51 PM;3.261;7.9024;7.9024;;0.8;16117;0.7606;;3.258;9.9176;9.9176;99.2;1;21189;2.2541;;4.353;8.8141;8.8141;;1.8;17521;1.5833;;4.349;5.0323;5.0323;100.6;1;11066;1.3681;;5.163;7.672;7.672;;0.8;11918;0.7879;;5.159;10.4965;10.4965;105;2.1;15126;1.8701;;5.023;7.9704;7.9704;;3.2;10426;3.0898;;5.019;2.5511;2.5511;102;0.5;3374;2.1572;;4.975;8.2426;8.2426;;3.3;29527;3.3605;;4.971;2.4748;2.4748;99;0.5;8786;1.0863;;4.79;9.6655;9.6655;;1.9;1920;1.7118;;4.794;3.621;3.621;72.4;0.7;1122;0.717;;5.568;7.8781;7.8781;;3.2;8168;3.9022;;5.454;8.5326;8.5326;;3.4;20632;2.8345;;5.456;2.5036;2.5036;100.1;0.5;7279;0.8999;;5.615;7.3906;7.3906;;0.7;28499;1.884;;6.021;11.1856;11.1856;;4.5;5078;2.4259;;6.015;2.6193;2.6193;104.8;0.5;2093;1.3382;;5.873;10.6435;10.6435;;4.3;17724;3.4861;;5.869;2.3992;2.3992;96;1;5084;12.5355;;5.697;9.3204;9.3204;;1.9;783;1.4702;;5.701;4.0215;4.0215;80.4;0.8;533;0.3405;;6.432;11.4915;11.4915;;4.6;6526;3.8409;;6.26;8.3412;8.3412;;6.7;10664;7.0256;;6.256;1.3721;1.3721;109.8;1.1;1518;1.0854;;8.527;8.1957;8.1957;;3.3;21034;3.1692;;6.828;7.6319;7.6319;;3.1;4138;2.4355;;8.525;2.3706;2.3706;94.8;0.5;6637;3.8963;;6.822;2.3963;2.3963;95.9;0.5;1699;0.9975;;9.911;0.0004;0.0004;;0;1;0.0003;;6.637;8.5423;8.5423;;6.8;10569;5.6114;;9.913;2.4852;2.4852;99.4;0.5;2024;1.1883;;6.642;1.3426;1.3426;107.4;1.1;1883;2.0209;;10.173;0.001;0.001;;0;0;0.0002;;6.446;9.275;9.275;;1.9;624;1.9344;;6.459;3.9443;3.9443;78.9;0.8;322;0.2061;;7.111;7.3796;7.3796;;0.7;45240;2.9908;;10.253;2.4594;2.4594;98.4;0.5;2149;1.2617;;7.205;8.0086;8.0086;;3.2;6185;3.6402;;7.009;8.7201;8.7201;;7;10301;6.9777;;6.702;9.6922;9.6922;;1.9;916;1.2723;;7.003;1.2224;1.2224;97.8;1;1476;1.584;;6.701;4.5414;4.5414;227.1;0.9;720;0.4225;;6.874;9.2488;9.2488;;1.8;894;1.3807;;6.874;4.639;4.639;232;0.9;647;0.3801;;7.575;7.6637;7.6637;;3.1;5609;3.3012;;7.376;7.6369;7.6369;;6.1;10784;6.0988;;7.372;1.1507;1.1507;92.1;0.9;1768;1.8973;;9.796;0.0043;0.0043;;0;1;0.0001;;9.781;24.8094;24.8094;99.2;5;9759;5.7295;;10.233;0.0057;0.0057;;0;1;0.0001;;7.852;1.7188;1.7188;;0.2;23968;1.5845;;10.13;25.2959;25.2959;101.2;5.1;11010;6.4635;;7.726;8.1456;8.1456;;6.5;14188;4.9283;;8.081;8.0226;8.0226;;6.4;16677;5.7929;;8.077;1.1318;1.1318;90.5;0.9;2879;3.089;
;!;QCstd;9.d;Sample;;7/30/2025 8:06 PM;3.253;8.904;8.904;;0.9;17591;0.8571;;3.25;10.0444;10.0444;100.4;1;20525;2.2829;;4.353;5.0879;5.0879;;1;9851;0.9139;;4.349;4.888;4.888;97.8;1;10779;1.3289;;5.163;9.0922;9.0922;;0.9;13612;0.9329;;5.159;10.0967;10.0967;101;2;14591;1.7988;;5.023;2.3772;2.3772;;1;3113;0.9347;;5.019;2.4358;2.4358;97.4;0.5;3330;2.0597;;4.975;2.3195;2.3195;;0.9;8412;0.9457;;4.971;2.4984;2.4984;99.9;0.5;8895;1.0966;;4.79;10.7271;10.7271;;2.1;2103;1.8941;;4.794;3.4688;3.4688;69.4;0.7;1111;0.6869;;5.568;2.2328;2.2328;;0.9;2356;1.1261;;5.454;2.3539;2.3539;;0.9;5740;0.782;;5.456;2.5179;2.5179;100.7;0.5;7341;0.905;;5.615;8.9036;8.9036;;0.9;33118;2.2697;;6.021;3.1817;3.1817;;1.3;1444;0.69;;6.024;2.5328;2.5328;101.3;0.5;2092;1.294;;5.873;2.1933;2.1933;;0.9;3496;0.7184;;5.869;2.5472;2.5472;101.9;1;4866;13.3086;;5.705;11.4366;11.4366;;2.3;900;1.7931;;5.701;3.6665;3.6665;73.3;0.7;502;0.3104;;6.432;3.2592;3.2592;;1.3;1835;1.0893;;6.26;1.8372;1.8372;;1.5;2180;1.5769;;6.256;1.2128;1.2128;97;1;1382;0.9594;;8.527;1.5232;1.5232;;0.6;3929;0.5973;;6.828;2.183;2.183;;0.9;1174;0.6966;;8.533;2.3891;2.3891;95.6;0.5;6577;3.9268;;6.822;2.416;2.416;96.6;0.5;1685;1.0057;;9.928;1.214;1.214;;0.5;1629;0.8348;;6.637;2.6145;2.6145;;2.1;2852;1.7175;;9.921;2.4355;2.4355;97.4;0.5;1951;1.1646;;6.642;1.3242;1.3242;105.9;1.1;1660;1.9931;;10.115;1.0707;1.0707;;0.4;496;0.235;;6.454;12.3219;12.3219;;2.5;780;2.5464;;6.459;3.6231;3.6231;72.5;0.7;306;0.1894;;7.111;8.7141;8.7141;;0.9;51481;3.5283;;10.262;2.4545;2.4545;98.2;0.5;2109;1.2592;;7.205;2.2034;2.2034;;0.9;1729;1.0263;;7.009;2.5171;2.5171;;2;2889;2.0142;;6.694;2.871;2.871;;0.6;296;0.3707;;7.003;1.3287;1.3287;106.3;1.1;1434;1.7217;;6.701;5.1247;5.1247;256.2;1;799;0.4768;;6.882;2.3792;2.3792;;0.5;232;0.3516;;6.882;4.8035;4.8035;240.2;1;659;0.3936;;7.575;2.1846;2.1846;;0.9;1617;0.96;;7.367;2.1556;2.1556;;1.7;3082;1.7565;;7.372;1.2774;1.2774;102.2;1;1755;2.1063;;9.812;25.7086;25.7086;;1;5900;0.6183;;9.79;24.6689;24.6689;98.7;4.9;9543;5.697;;10.158;25.9007;25.9007;;1;6398;0.6015;;7.852;2.0567;2.0567;;0.2;27637;1.8941;;10.139;24.8525;24.8525;99.4;5;10637;6.3502;;7.735;2.2739;2.2739;;1.8;3923;1.3989;;8.081;2.1526;2.1526;;1.7;4430;1.5795;;8.085;1.2333;1.2333;98.7;1;2804;3.3662;
!;!;rinse;10.d;Sample;;7/30/2025 8:21 PM;3.103;12.0359;12.0359;;1.2;1;1.1585;;3.291;3.2904;3.2904;32.9;0.3;1;0.7478;;4.378;11.2604;11.2604;;2.3;2;2.0227;;4.465;14.9417;14.9417;298.8;3;1;4.0622;;5.657;102.0076;102.0076;;10.2;14;9.8461;;5.183;31.069;31.069;310.7;6.2;1;5.5352;;5.073;26.511;26.511;;10.6;3;9.7918;;5.011;0.3085;0.3085;12.3;0.1;0;0.2609;;5.007;27.7699;27.7699;;11.1;5;11.3218;;4.921;4.2037;4.2037;168.1;0.8;0;1.8451;;4.914;0.6664;0.6664;;0.1;0;0.1211;;4.81;8.5666;8.5666;171.3;1.7;2;1.6963;;5.61;0.9565;0.9565;;0.4;1;0.4843;;5.437;7.6874;7.6874;;3.1;6;2.5537;;5.464;27.4365;27.4365;1097.5;5.5;3;9.8617;;5.532;2.5815;2.5815;;0.3;1;0.6581;;5.88;0.7992;0.7992;;0.3;0;0.1733;;6.032;4.3471;4.3471;173.9;0.9;2;2.2209;;5.848;308.2127;308.2127;;123.3;28;100.9487;;5.935;0.036;0.036;1.4;0;0;0.1883;;5.656;1.8959;1.8959;;0.4;0;0.3054;;5.619;1.3004;1.3004;26;0.3;0;0.1101;;6.613;3.2051;3.2051;;1.3;1;1.0713;;6.31;0.5545;0.5545;;0.4;1;0.4777;;6.322;1.4033;1.4033;112.3;1.1;2;1.1101;;8.519;1.3551;1.3551;;0.5;1;0.5316;;6.91;4.4248;4.4248;;1.8;1;1.412;;8.525;2.6612;2.6612;106.4;0.5;1;4.3739;;6.503;5.1561;5.1561;206.2;1;1;2.1464;;9.828;0.3624;0.3624;;0.1;0;0.2499;;6.645;22.6306;22.6306;;18.1;4;14.8659;;9.929;6.872;6.872;274.9;1.4;1;3.286;;6.781;0.2766;0.2766;22.1;0.2;0;0.4164;;10.231;2.6238;2.6238;;1;1;0.5736;;6.438;7.6114;7.6114;;1.5;0;1.5953;;6.656;4.1616;4.1616;83.2;0.8;0;0.2175;;7.217;1.098;1.098;;0.1;1;0.447;;10.295;8.5889;8.5889;343.6;1.7;1;4.4061;;7.213;1.3532;1.3532;;0.5;0;0.6325;;7.091;2.3124;2.3124;;1.8;5;1.8503;;6.858;3.3914;3.3914;;0.7;0;0.4384;;6.994;3.29;3.29;263.2;2.6;3;4.2633;;6.792;34.4438;34.4438;1722.2;6.9;1;3.2045;;6.915;2.6851;2.6851;;0.5;0;0.397;;6.906;40.6767;40.6767;2033.8;8.1;1;3.3327;;7.592;3.3461;3.3461;;1.3;1;1.4643;;7.146;;;;0;4;62.3533;;7.372;0.0533;0.0533;4.3;0;0;0.0879;;9.812;39.7767;39.7767;;1.6;2;0.9562;;9.798;36.3352;36.3352;145.3;7.3;2;8.3912;;10.001;7.8347;7.8347;;0.3;1;0.1821;;7.968;0.7693;0.7693;;0.1;1;0.7113;;10.263;68.2478;68.2478;273;13.6;4;17.4385;;7.776;13.0042;13.0042;;10.4;1;7.7582;;8.073;112.7173;112.7173;;90.2;9;57.8603;;8.069;0.0791;0.0791;6.3;0.1;0;0.2159;
!;!;rinse;11.d;Sample;;7/30/2025 8:36 PM;3.253;137.3229;137.3229;;13.7;19;13.2179;;3.291;3.2701;3.2701;32.7;0.3;1;0.7432;;4.37;19.2289;19.2289;;3.8;5;3.4541;;4.324;19.1757;19.1757;383.5;3.8;1;5.2133;;5.146;16.8741;16.8741;;1.7;2;1.7228;;5.167;24.296;24.296;243;4.9;1;4.3286;;5.015;16.9049;16.9049;;6.8;16;6.4042;;5.019;4.0416;4.0416;161.7;0.8;2;3.4175;;4.975;32.335;32.335;;12.9;13;13.1829;;4.963;8.7781;8.7781;351.1;1.8;1;3.853;;4.881;1.2636;1.2636;;0.3;1;0.2292;;4.835;29.8337;29.8337;596.7;6;4;5.9073;;5.585;1.0867;1.0867;;0.4;0;0.5501;;5.454;13.9723;13.9723;;5.6;5;4.6415;;5.407;12.4834;12.4834;499.3;2.5;1;4.487;;5.623;5.4308;5.4308;;0.5;2;1.3845;;6.013;17.4202;17.4202;;7;3;3.7781;;6.106;1.9022;1.9022;76.1;0.4;1;0.9718;;5.914;743.3074;743.3074;;297.3;61;243.455;;6.025;0.0421;0.0421;1.7;0;0;0.2201;;5.697;1.7471;1.7471;;0.3;0;0.2816;;5.619;10.2768;10.2768;205.5;2.1;1;0.87;;6.49;3.1716;3.1716;;1.3;1;1.0601;;6.26;1.1341;1.1341;;0.9;1;0.9754;;6.33;0.9788;0.9788;78.3;0.8;1;0.7742;;8.569;4.609;4.609;;1.8;3;1.7957;;6.795;7.1605;7.1605;;2.9;3;2.2851;;8.55;0.6275;0.6275;25.1;0.1;1;1.0313;;6.872;2.1031;2.1031;84.1;0.4;1;0.8755;;9.953;1.2938;1.2938;;0.5;0;0.8895;;6.67;17.8981;17.8981;;14.3;2;11.7571;;9.929;0.3192;0.3192;12.8;0.1;0;0.1526;;6.937;0.2762;0.2762;22.1;0.2;0;0.4157;;10.148;0.4005;0.4005;;0.2;0;0.0881;;6.323;9.1866;9.1866;;1.8;1;1.9164;;6.714;13.2191;13.2191;264.4;2.6;0;0.6909;;7.16;8.5774;8.5774;;0.9;4;3.4733;;10.427;2.5008;2.5008;100;0.5;2;1.2829;;7.312;0.4312;0.4312;;0.2;0;0.2023;;6.935;65.7658;65.7658;;52.6;8;52.625;;6.628;6.935;6.935;;1.4;0;0.9043;;7.126;0.3359;0.3359;26.9;0.3;0;0.4353;;6.75;4.0058;4.0058;200.3;0.8;1;0.3727;;6.972;18.5862;18.5862;;3.7;1;2.812;;7.021;1.7072;1.7072;85.4;0.3;0;0.1399;;7.558;0.876;0.876;;0.4;0;0.3868;;7.417;31.5196;31.5196;;25.2;6;22.9382;;7.314;0.4139;0.4139;33.1;0.3;0;0.6824;;9.729;15.9887;15.9887;;0.6;0;0.3846;;9.856;3.8839;3.8839;15.5;0.8;1;0.8969;;10.125;136.5133;136.5133;;5.5;4;3.1493;;7.91;0.5089;0.5089;;0.1;1;0.4709;;10.122;3.5019;3.5019;14;0.7;1;0.8948;;7.768;8.5066;8.5066;;6.8;1;5.1413;;8.073;103.1358;103.1358;;82.5;8;54.9123;;8.135;0.141;0.141;11.3;0.1;0;0.3847;
!;!;rinse;eis_tests_1.d;Sample;;8-1-2025 09:37;3.527;8364.7418;8364.7418;;836.5;176;805.142;;3.291;2.0838;2.0838;20.8;0.2;0;0.4736;;4.661;217.0987;217.0987;;43.4;47;38.997;;4.382;1.9089;1.9089;38.2;0.4;1;0.519;;5.254;34.5612;34.5612;;3.5;12;3.4885;;5.233;8.1909;8.1909;81.9;1.6;3;1.4593;;4.983;38.0201;38.0201;;15.2;3;13.6105;;5.094;0.1675;0.1675;6.7;0;0;0.1416;;5.435;9074.7362;9074.7362;;3629.9;2742;3699.756;;5.004;0.7272;0.7272;29.1;0.1;1;0.3192;;4.798;0.732;0.732;;0.1;0;0.133;;4.794;2.1794;2.1794;43.6;0.4;1;0.4315;;5.56;0.1272;0.1272;;0.1;1;0.0646;;5.272;10.174;10.174;;4.1;6;3.3797;;5.497;2.2637;2.2637;90.5;0.5;2;0.8137;;5.623;5.9366;5.9366;;0.6;5;1.5134;;6.103;1.2183;1.2183;;0.5;5;0.2642;;6.015;20.783;20.783;831.3;4.2;18;10.618;;5.881;42.8161;42.8161;;17.1;23;14.0235;;6.14;0.486;0.486;19.4;0.2;2;2.5394;;5.705;3.6556;3.6556;;0.7;1;0.586;;5.66;10.2682;10.2682;205.4;2.1;2;0.8693;;6.449;18.0281;18.0281;;7.2;1;6.0257;;6.31;2.8155;2.8155;;2.3;2;2.4098;;6.339;0.4499;0.4499;36;0.4;1;0.3559;;8.644;0.7103;0.7103;;0.3;1;0.279;;6.975;55.2824;55.2824;;22.1;4;17.6419;;8.683;1.3527;1.3527;54.1;0.3;3;2.2233;;6.814;0.38;0.38;15.2;0.1;0;0.1582;;9.894;0.5937;0.5937;;0.2;1;0.409;;6.736;45.3624;45.3624;;36.3;3;29.7983;;9.971;2.0753;2.0753;83;0.4;1;0.9923;;6.666;0.3216;0.3216;25.7;0.3;0;0.4841;;10.214;4.2351;4.2351;;1.7;1;0.922;;6.463;2.9659;2.9659;;0.6;2;0.6302;;6.484;40.8359;40.8359;816.7;8.2;4;2.1343;;7.135;2.6554;2.6554;;0.3;4;1.0798;;10.237;1.7043;1.7043;68.2;0.3;1;0.8743;;7.147;11.473;11.473;;4.6;1;5.1379;;7.091;0.388;0.388;;0.3;2;0.3104;;6.587;16.2001;16.2001;;3.2;1;2.1598;;6.715;16.9042;16.9042;1352.3;13.5;5;21.9048;;6.808;4.7213;4.7213;236.1;0.9;1;0.4392;;6.899;59.3526;59.3526;;11.9;1;9.5028;;6.898;1.1102;1.1102;55.5;0.2;0;0.091;;7.757;3.9419;3.9419;;1.6;0;1.7213;;7.204;14.5137;14.5137;;11.6;4;11.2946;;7.429;0.9558;0.9558;76.5;0.8;0;1.5759;;9.812;22.3801;22.3801;;0.9;2;0.5383;;9.873;13.8128;13.8128;55.3;2.8;4;3.1899;;10.216;5.0466;5.0466;;0.2;1;0.1173;;7.926;0.9165;0.9165;;0.1;3;0.8469;;10.139;37.2328;37.2328;148.9;7.4;13;9.5136;;7.826;6.0391;6.0391;;4.8;2;3.6758;;8.065;6.843;6.843;;5.5;3;4.9572;;8.011;1.0204;1.0204;81.6;0.8;1;2.7851;
!;!;blank_spike_eis-nis;eis_tests_2.d;Sample;;8-1-2025 09:52;3.336;0.0047;0.0047;;0;8;0.0005;;3.55;10.0026;10.0026;100;1;18471;2.2734;;4.512;0.0007;0.0007;;0;1;0.0001;;4.607;4.6352;4.6352;92.7;0.9;7763;1.2602;;5.212;0.0007;0.0007;;0;1;0.0001;;5.39;10.8963;10.8963;109;2.2;11959;1.9413;;5.081;0.0004;0.0004;;0;0;0.0002;;5.259;2.5257;2.5257;101;0.5;2774;2.1357;;4.859;0.0003;0.0003;;0;1;0.0001;;5.202;2.531;2.531;101.2;0.5;6844;1.1109;;4.633;0.0088;0.0088;;0;1;0.0016;;5.034;3.1751;3.1751;63.5;0.6;817;0.6287;;5.667;0.0009;0.0009;;0;1;0.0005;;5.486;0.0029;0.0029;;0;6;0.001;;5.678;2.6601;2.6601;106.4;0.5;5890;0.9561;;5.656;0.0009;0.0009;;0;3;0.0002;;6.227;0.0232;0.0232;;0;9;0.005;;6.222;2.7412;2.7412;109.6;0.5;1819;1.4004;;5.782;0.0287;0.0287;;0;37;0.0094;;6.074;2.5138;2.5138;100.6;1;3949;13.134;;5.73;0.0092;0.0092;;0;1;0.0015;;5.907;3.2983;3.2983;66;0.7;363;0.2792;;6.408;0.0014;0.0014;;0;1;0.0005;;6.054;0.0033;0.0033;;0;3;0.0028;;6.454;1.3275;1.3275;106.2;1.1;1114;1.0501;;8.694;0.0035;0.0035;;0;8;0.0014;;6.984;0.008;0.008;;0;4;0.0026;;8.707;2.1266;2.1266;85.1;0.4;5452;3.4952;;7.012;2.141;2.141;85.6;0.4;1390;0.8912;;10.077;0.0003;0.0003;;0;0;0.0002;;6.678;0.0034;0.0034;;0;3;0.0023;;10.087;2.0695;2.0695;82.8;0.4;1544;0.9896;;6.822;1.3033;1.3033;104.3;1;1270;1.9616;;10.198;0.0012;0.0012;;0;0;0.0003;;6.471;0.0058;0.0058;;0;0;0.0013;;6.648;3.9499;3.9499;79;0.8;268;0.2064;;7.233;0.0001;0.0001;;0;0;0;;10.419;2.158;2.158;86.3;0.4;1727;1.1071;;7.082;0.0013;0.0013;;0;1;0.0006;;7.041;0.0004;0.0004;;0;0;0.0004;;6.825;0.0077;0.0077;;0;1;0.001;;7.192;1.4926;1.4926;119.4;1.2;1252;1.9342;;6.882;5.2655;5.2655;263.3;1.1;764;0.4899;;6.923;0.0034;0.0034;;0;0;0.0005;;7.062;4.6087;4.6087;230.4;0.9;589;0.3776;;7.608;0.0003;0.0003;;0;0;0.0001;;7.54;0.0014;0.0014;;0;2;0.0012;;7.546;1.4479;1.4479;115.8;1.2;1546;2.3874;;9.845;0.002;0.002;;0;0;0;;9.956;23.1576;23.1576;92.6;4.6;8342;5.348;;10.158;0.0052;0.0052;;0;1;0.0001;;7.968;0.0001;0.0001;;0;1;0.0001;;10.296;24.1609;24.1609;96.6;4.8;9630;6.1735;;7.693;0.0017;0.0017;;0;2;0.001;;8.09;0.0009;0.0009;;0;2;0.0007;;8.243;1.3649;1.3649;109.2;1.1;2412;3.7253;
!;!;1_ccf;eis_tests_3.d;Sample;;8-1-2025 10:08;3.153;0.0018;0.0018;;0;2;0.0002;;3.508;8.3829;8.3829;83.8;0.8;14187;1.9053;;4.403;0.001;0.001;;0;1;0.0002;;4.566;3.7198;3.7198;74.4;0.7;6618;1.0113;;5.336;0.0065;0.0065;;0;6;0.0007;;5.34;8.2351;8.2351;82.4;1.6;9600;1.4672;;5.081;0.0008;0.0008;;0;1;0.0003;;5.217;2.1947;2.1947;87.8;0.4;2334;1.8558;;4.876;0.0007;0.0007;;0;2;0.0003;;5.16;2.1979;2.1979;87.9;0.4;6313;0.9647;;4.773;0.0022;0.0022;;0;0;0.0004;;4.992;3.1012;3.1012;62;0.6;772;0.6141;;5.585;0.002;0.002;;0;1;0.001;;5.618;0.0046;0.0046;;0;7;0.0015;;5.621;2.0711;2.0711;82.8;0.4;4871;0.7444;;5.648;0.0015;0.0015;;0;4;0.0004;;6.128;0.0033;0.0033;;0;1;0.0007;;6.173;2.301;2.301;92;0.5;1479;1.1756;;5.881;0.0399;0.0399;;0;43;0.0131;;6.025;2.0862;2.0862;83.4;0.8;3298;10.9;;5.548;0.0299;0.0299;;0;2;0.0048;;5.85;2.9354;2.9354;58.7;0.6;313;0.2485;;6.432;0.0011;0.0011;;0;0;0.0004;;6.285;0.0035;0.0035;;0;3;0.003;;6.413;1.1468;1.1468;91.7;0.9;1014;0.9072;;8.669;0.006;0.006;;0;11;0.0023;;6.984;0.0538;0.0538;;0;20;0.0172;;8.666;2.0428;2.0428;81.7;0.4;4664;3.3575;;6.97;1.976;1.976;79;0.4;1143;0.8226;;9.803;0.0001;0.0001;;0;0;0.0001;;6.612;0.0026;0.0026;;0;2;0.0017;;10.054;1.955;1.955;78.2;0.4;1299;0.9348;;6.789;1.078;1.078;86.2;0.9;1232;1.6225;;10.198;0.002;0.002;;0;1;0.0004;;6.479;0.0217;0.0217;;0;1;0.0046;;6.59;3.2747;3.2747;65.5;0.7;215;0.1712;;7.201;0.0004;0.0004;;0;2;0.0002;;10.387;1.992;1.992;79.7;0.4;1420;1.0219;;7.148;0.0009;0.0009;;0;0;0.0004;;7.132;0.007;0.007;;0;6;0.0056;;6.711;0.0107;0.0107;;0;1;0.0014;;7.151;1.0683;1.0683;85.5;0.9;1051;1.3843;;6.849;4.3951;4.3951;219.8;0.9;568;0.4089;;6.972;0.0075;0.0075;;0;1;0.0011;;7.013;4.4203;4.4203;221;0.9;503;0.3622;;7.517;0.0013;0.0013;;0;1;0.0006;;7.425;0.0057;0.0057;;0;6;0.0047;;7.505;1.0668;1.0668;85.3;0.9;1335;1.7589;;9.895;0.004;0.004;;0;1;0.0001;;9.922;20.9992;20.9992;84;4.2;6737;4.8495;;10.2;0.0134;0.0134;;0;3;0.0003;;8.018;0;0;;0;0;0;;10.263;22.7622;22.7622;91;4.6;8080;5.8161;;7.793;0.0009;0.0009;;0;1;0.0006;;8.081;0.0007;0.0007;;0;1;0.0005;;8.21;1.0469;1.0469;83.7;0.8;2169;2.8573;
!;!;2_cf;eis_tests_4.d;Sample;;8-1-2025 10:23;3.328;0.0008;0.0008;;0;1;0.0001;;3.475;8.1122;8.1122;81.1;0.8;14026;1.8438;;4.495;0.0035;0.0035;;0;4;0.0006;;4.516;3.7923;3.7923;75.8;0.8;6610;1.031;;5.146;0.0002;0.0002;;0;0;0;;5.307;8.2694;8.2694;82.7;1.7;9446;1.4733;;5.032;0.002;0.002;;0;2;0.0008;;5.176;2.0652;2.0652;82.6;0.4;2144;1.7463;;5.016;0.0023;0.0023;;0;5;0.0009;;5.128;2.0164;2.0164;80.7;0.4;5674;0.8851;;4.815;0.0101;0.0101;;0;1;0.0018;;4.951;2.972;2.972;59.4;0.6;722;0.5885;;5.535;0.0007;0.0007;;0;1;0.0004;;5.495;0.0059;0.0059;;0;9;0.002;;5.596;1.993;1.993;79.7;0.4;4593;0.7164;;5.689;0.0011;0.0011;;0;3;0.0003;;6.145;0.0286;0.0286;;0;9;0.0062;;6.156;2.234;2.234;89.4;0.4;1401;1.1413;;5.906;0.0166;0.0166;;0;17;0.0054;;6.009;1.865;1.865;74.6;0.7;3168;9.7443;;5.829;0.0159;0.0159;;0;1;0.0026;;5.833;2.7447;2.7447;54.9;0.5;285;0.2324;;6.548;0.0025;0.0025;;0;1;0.0008;;6.335;0.0008;0.0008;;0;1;0.0007;;6.388;1.0903;1.0903;87.2;0.9;940;0.8625;;8.502;0.0004;0.0004;;0;1;0.0001;;6.885;0.0024;0.0024;;0;1;0.0008;;8.65;1.7961;1.7961;71.8;0.4;4230;2.952;;6.946;1.7669;1.7669;70.7;0.4;1054;0.7355;;9.936;0.0003;0.0003;;0;0;0.0002;;6.686;0.0039;0.0039;;0;3;0.0025;;10.037;1.8746;1.8746;75;0.4;1284;0.8964;;6.764;0.9795;0.9795;78.4;0.8;1043;1.4743;;10.263;0.0008;0.0008;;0;0;0.0002;;6.422;0.0107;0.0107;;0;0;0.0023;;6.582;2.7651;2.7651;55.3;0.6;177;0.1445;;7.16;0.0002;0.0002;;0;1;0.0001;;10.37;1.7858;1.7858;71.4;0.4;1313;0.9161;;7.344;0.0038;0.0038;;0;2;0.0018;;7.025;0.0053;0.0053;;0;4;0.0042;;6.711;0.0009;0.0009;;0;0;0.0001;;7.126;1.0414;1.0414;83.3;0.8;954;1.3495;;6.824;3.4399;3.4399;172;0.7;459;0.32;;6.891;0.0093;0.0093;;0;1;0.0014;;6.997;4.1797;4.1797;209;0.8;491;0.3424;;7.732;0.0003;0.0003;;0;0;0.0002;;7.302;0.0065;0.0065;;0;6;0.0054;;7.488;1.0273;1.0273;82.2;0.8;1198;1.6939;;9.804;0.0119;0.0119;;0;2;0.0003;;9.906;18.5465;18.5465;74.2;3.7;6137;4.2831;;10.225;0.0042;0.0042;;0;1;0.0001;;7.926;0.0003;0.0003;;0;2;0.0002;;10.246;19.3684;19.3684;77.5;3.9;7091;4.9489;;7.784;0.0028;0.0028;;0;3;0.0017;;8.148;0.0026;0.0026;;0;3;0.002;;8.193;0.9278;0.9278;74.2;0.7;1791;2.5323;
!;!;3_f;eis_tests_5.d;Sample;;8-1-2025 10:38;3.311;0.006;0.006;;0;10;0.0006;;3.425;8.5977;8.5977;86;0.9;17191;1.9541;;4.32;0.001;0.001;;0;2;0.0002;;4.5;4.0672;4.0672;81.3;0.8;8305;1.1057;;5.089;0.0004;0.0004;;0;0;0;;5.291;8.6625;8.6625;86.6;1.7;11592;1.5433;;5.023;0.0014;0.0014;;0;1;0.0006;;5.159;2.2424;2.2424;89.7;0.4;2647;1.8961;;5.016;0.001;0.001;;0;3;0.0004;;5.111;2.1913;2.1913;87.7;0.4;7225;0.9618;;4.732;0.0033;0.0033;;0;1;0.0006;;4.934;3.1183;3.1183;62.4;0.6;862;0.6174;;5.61;0.0017;0.0017;;0;1;0.0008;;5.363;0.0004;0.0004;;0;1;0.0001;;5.588;2.1511;2.1511;86;0.4;5808;0.7732;;5.698;0.0002;0.0002;;0;0;0;;6.07;0.0018;0.0018;;0;1;0.0004;;6.14;2.3018;2.3018;92.1;0.5;1641;1.176;;5.807;0.05;0.05;;0;65;0.0164;;5.992;2.1032;2.1032;84.1;0.8;3959;10.9888;;5.854;0.031;0.031;;0;2;0.005;;5.825;3.0593;3.0593;61.2;0.6;361;0.259;;6.564;0.0021;0.0021;;0;1;0.0007;;6.4;0.0007;0.0007;;0;1;0.0006;;6.38;1.0435;1.0435;83.5;0.8;1122;0.8254;;8.644;0.0038;0.0038;;0;8;0.0015;;6.828;0.0038;0.0038;;0;2;0.0012;;8.641;2.062;2.062;82.5;0.4;5310;3.3891;;6.937;2.0974;2.0974;83.9;0.4;1368;0.8731;;9.936;0.0007;0.0007;;0;1;0.0005;;6.711;0.0016;0.0016;;0;1;0.0011;;10.02;2.038;2.038;81.5;0.4;1527;0.9745;;6.756;1.0765;1.0765;86.1;0.9;1415;1.6202;;10.305;0.0008;0.0008;;0;0;0.0002;;6.406;0.0032;0.0032;;0;0;0.0007;;6.574;3.0181;3.0181;60.4;0.6;220;0.1577;;6.979;0.0007;0.0007;;0;3;0.0003;;10.361;2.0292;2.0292;81.2;0.4;1631;1.041;;7.213;0.0002;0.0002;;0;0;0.0001;;7.025;0.0015;0.0015;;0;1;0.0012;;6.785;0.006;0.006;;0;0;0.0008;;7.118;1.1119;1.1119;89;0.9;1258;1.4409;;6.816;4.188;4.188;209.4;0.8;610;0.3896;;6.817;0.0184;0.0184;;0;1;0.0027;;6.988;4.2607;4.2607;213;0.9;547;0.3491;;7.683;0.0002;0.0002;;0;0;0.0001;;7.384;0.0148;0.0148;;0;19;0.0121;;7.48;1.0786;1.0786;86.3;0.9;1553;1.7784;;9.796;0.006;0.006;;0;1;0.0001;;9.897;20.9284;20.9284;83.7;4.2;7572;4.8332;;10.142;0.0179;0.0179;;0;4;0.0004;;7.935;0.0001;0.0001;;0;1;0.0001;;10.238;21.8644;21.8644;87.5;4.4;8753;5.5867;;7.784;0.002;0.002;;0;3;0.0012;;8.172;0.0024;0.0024;;0;4;0.0018;;8.185;0.9801;0.9801;78.4;0.8;2335;2.6751;
!;!;4_none;eis_tests_6.d;Sample;;8-1-2025 10:54;3.328;0.0015;0.0015;;0;2;0.0001;;3.316;9.4367;9.4367;94.4;0.9;15776;2.1448;;4.461;0.0072;0.0072;;0;11;0.0013;;4.474;4.8547;4.8547;97.1;1;8239;1.3199;;5.287;0.0035;0.0035;;0;4;0.0004;;5.275;9.8248;9.8248;98.2;2;10927;1.7504;;4.974;0.0005;0.0005;;0;0;0.0002;;5.143;2.4248;2.4248;97;0.5;2629;2.0504;;4.958;0.0007;0.0007;;0;2;0.0003;;5.095;2.4665;2.4665;98.7;0.5;6758;1.0826;;5.013;0.0138;0.0138;;0;2;0.0025;;4.918;3.4045;3.4045;68.1;0.7;864;0.6741;;5.61;0.0002;0.0002;;0;0;0.0001;;5.379;0.0024;0.0024;;0;5;0.0008;;5.572;2.5477;2.5477;101.9;0.5;5716;0.9157;;5.681;0.0002;0.0002;;0;1;0.0001;;6.07;0.0027;0.0027;;0;1;0.0006;;6.123;2.4436;2.4436;97.7;0.5;1601;1.2484;;5.889;0.0569;0.0569;;0;70;0.0186;;5.976;2.2467;2.2467;89.9;0.9;3756;11.7387;;5.441;0.0184;0.0184;;0;1;0.003;;5.809;3.2598;3.2598;65.2;0.7;354;0.276;;6.177;0.0028;0.0028;;0;1;0.0009;;6.17;0.0064;0.0064;;0;6;0.0055;;6.363;1.1644;1.1644;93.1;0.9;1102;0.9211;;8.627;0.0039;0.0039;;0;8;0.0015;;6.918;0.0362;0.0362;;0;15;0.0115;;8.625;2.4958;2.4958;99.8;0.5;5246;4.102;;6.929;2.4658;2.4658;98.6;0.5;1313;1.0265;;10.011;0.0003;0.0003;;0;0;0.0002;;6.67;0.001;0.001;;0;1;0.0007;;10.004;2.4704;2.4704;98.8;0.5;1511;1.1813;;6.731;1.2136;1.2136;97.1;1;1317;1.8267;;10.139;0.0017;0.0017;;0;1;0.0004;;6.406;0.0221;0.0221;;0;1;0.0047;;6.558;2.7928;2.7928;55.9;0.6;187;0.146;;7.16;0.0002;0.0002;;0;1;0.0001;;10.345;2.5699;2.5699;102.8;0.5;1686;1.3184;;7.336;0.0003;0.0003;;0;0;0.0002;;6.82;0.0041;0.0041;;0;4;0.0032;;6.785;0.0058;0.0058;;0;0;0.0007;;7.11;1.2058;1.2058;96.5;1;1127;1.5625;;6.8;4.6499;4.6499;232.5;0.9;553;0.4326;;6.874;0.0377;0.0377;;0;3;0.0056;;6.972;5.006;5.006;250.3;1;525;0.4102;;7.36;0.0001;0.0001;;0;0;0.0001;;7.466;0.003;0.003;;0;3;0.0025;;7.464;1.1285;1.1285;90.3;0.9;1342;1.8608;;9.787;0.0044;0.0044;;0;1;0.0001;;9.881;26.237;26.237;104.9;5.2;7750;6.0591;;10.225;0.0119;0.0119;;0;2;0.0003;;8.018;0.0001;0.0001;;0;1;0.0001;;10.222;27.235;27.235;108.9;5.4;8901;6.959;;7.677;0.0014;0.0014;;0;2;0.0008;;8.057;0.0015;0.0015;;0;3;0.0011;;8.168;1.1587;1.1587;92.7;0.9;2280;3.1626;
!;!;rinse;eis_tests_7.d;Sample;;8-1-2025 11:09;3.369;53.5272;53.5272;;5.4;1;5.1522;;3.267;0.8057;0.8057;8.1;0.1;0;0.1831;;4.345;101.215;101.215;;20.2;1;18.181;;4.5;0.3682;0.3682;7.4;0.1;0;0.1001;;5.097;3.3471;3.3471;;0.3;0;0.3447;;5.134;4.65;4.65;46.5;0.9;0;0.8284;;5.007;1.1352;1.1352;;0.5;0;0.4477;;5.036;0.3902;0.3902;15.6;0.1;0;0.3299;;4.983;23.2052;23.2052;;9.3;1;9.4607;;4.78;0.612;0.612;24.5;0.1;0;0.2686;;4.931;0.3956;0.3956;;0.1;0;0.0719;;4.868;9.4343;9.4343;188.7;1.9;2;1.8681;;5.602;0.3136;0.3136;;0.1;0;0.1592;;5.544;118.0258;118.0258;;47.2;13;39.2075;;5.456;1.6125;1.6125;64.5;0.3;0;0.5796;;5.64;5.7524;5.7524;;0.6;1;1.4664;;6.078;2.5665;2.5665;;1;1;0.5566;;6.049;4.7494;4.7494;190;0.9;2;2.4264;;5.864;102.1272;102.1272;;40.9;116;33.4497;;5.77;1.1217;1.1217;44.9;0.4;3;5.8608;;5.73;3.4149;3.4149;;0.7;1;0.5478;;5.644;19.2753;19.2753;385.5;3.9;2;1.6318;;6.58;1.3704;1.3704;;0.5;0;0.4581;;6.178;0.5647;0.5647;;0.5;1;0.4864;;6.24;2.2723;2.2723;181.8;1.8;2;1.7975;;8.594;2.0608;2.0608;;0.8;0;0.8072;;7.025;1.6051;1.6051;;0.6;1;0.5122;;8.616;1.3152;1.3152;52.6;0.3;1;2.1616;;6.88;9.0726;9.0726;362.9;1.8;1;3.7768;;9.969;1.1894;1.1894;;0.5;0;0.818;;6.661;6.8656;6.8656;;5.5;4;4.5099;;9.987;2.5513;2.5513;102.1;0.5;0;1.2199;;6.625;0.8583;0.8583;68.7;0.7;1;1.2919;;10.214;1.1907;1.1907;;0.5;0;0.2613;;6.561;4.3136;4.3136;;0.9;0;0.913;;6.541;9.2331;9.2331;184.7;1.8;0;0.4826;;7.152;13.8294;13.8294;;1.4;3;5.5791;;10.312;2.2098;2.2098;88.4;0.4;0;1.1336;;7.172;0.7578;0.7578;;0.3;0;0.3551;;7.074;0.066;0.066;;0.1;0;0.0528;;6.801;8.9698;8.9698;;1.8;1;1.1754;;6.814;4.9034;4.9034;392.3;3.9;4;6.354;;6.718;18.4846;18.4846;924.2;3.7;0;1.7197;;6.866;4.7144;4.7144;;0.9;0;0.6991;;6.865;22.5649;22.5649;1128.2;4.5;1;1.8488;;7.434;0.8517;0.8517;;0.3;0;0.3761;;7.417;20.1127;20.1127;;16.1;6;15.3176;;7.355;0.3735;0.3735;29.9;0.3;0;0.6159;;9.787;14.2606;14.2606;;0.6;2;0.3431;;9.715;67.3181;67.3181;269.3;13.5;4;15.5463;;10.175;22.7515;22.7515;;0.9;1;0.5284;;7.968;0.3281;0.3281;;0;0;0.3037;;10.23;37.6779;37.6779;150.7;7.5;3;9.6273;;7.776;1.1436;1.1436;;0.9;1;0.7058;;7.882;10.6869;10.6869;;8.5;7;7.6599;;8.085;0.4847;0.4847;38.8;0.4;1;1.3228;
;!;epa_cal1;eis_test_3.d;Cal;L1;7/30/2025 2:44 PM;3.444;0.653;0.653;;0.1;1378;0.0629;81.6;3.441;9.9522;9.9522;99.5;1;21916;2.262;99.5;4.411;0.3708;0.3708;;0.1;669;0.0666;92.7;4.407;5.0726;5.0726;101.5;1;10043;1.3791;101.5;5.196;0.5914;0.5914;;0.1;807;0.061;73.9;5.192;10.1965;10.1965;102;2;13229;1.8166;102;5.056;0.1647;0.1647;;0.1;210;0.0651;82.3;5.061;2.35;2.35;94;0.5;3224;1.9871;94;5.007;0.1625;0.1625;;0.1;551;0.0662;81.2;5.012;2.6027;2.6027;104.1;0.5;8319;1.1424;104.1;4.831;0.6667;0.6667;;0.1;128;0.1211;83.3;4.827;3.2782;3.2782;65.6;0.7;1053;0.6491;65.6;5.593;0.183;0.183;;0.1;169;0.0929;91.5;5.486;0.1658;0.1658;;0.1;366;0.0551;82.9;5.489;2.5394;2.5394;101.6;0.5;6647;0.9127;101.6;5.64;0.7005;0.7005;;0.1;2362;0.1786;87.6;6.045;0.3251;0.3251;;0.1;128;0.0705;162.6;6.049;2.1943;2.1943;87.8;0.4;1819;1.1211;87.8;5.897;0.1335;0.1335;;0.1;205;0.0437;66.7;5.902;2.6759;2.6759;107;1.1;4686;13.9812;107;5.722;0.8155;0.8155;;0.2;61;0.1318;101.9;5.726;3.3643;3.3643;67.3;0.7;462;0.2848;67.3;6.474;0.2528;0.2528;;0.1;146;0.0845;126.4;6.285;0.1393;0.1393;;0.1;177;0.1201;69.7;6.298;1.363;1.363;109;1.1;1476;1.0782;109;8.561;0.1611;0.1611;;0.1;431;0.0633;80.5;6.852;0.2211;0.2211;;0.1;122;0.0706;110.6;8.558;2.678;2.678;107.1;0.5;6808;4.4015;107.1;6.863;2.6775;2.6775;107.1;0.5;1724;1.1146;107.1;9.953;0.1649;0.1649;;0.1;221;0.1137;82.4;6.678;0.1976;0.1976;;0.2;212;0.1298;98.8;9.946;2.6316;2.6316;105.3;0.5;1946;1.2584;105.3;6.674;1.2961;1.2961;103.7;1;1632;1.9508;103.7;10.139;0.0819;0.0819;;0;39;0.018;40.9;6.496;0.8332;0.8332;;0.2;48;0.1782;104.1;6.492;3.1732;3.1732;63.5;0.6;269;0.1658;63.5;7.152;0.7135;0.7135;;0.1;3843;0.2905;89.2;10.287;2.7152;2.7152;108.6;0.5;2154;1.3929;108.6;7.238;0.16;0.16;;0.1;130;0.0751;80;7.05;0.1471;0.1471;;0.1;178;0.1177;73.5;6.735;0.2587;0.2587;;0.1;26;0.0332;129.3;7.044;1.3923;1.3923;111.4;1.1;1510;1.8041;111.4;6.742;5.3571;5.3571;267.9;1.1;771;0.4984;107.1;6.932;0.0357;0.0357;;0;4;0.0053;17.8;6.906;5.3296;5.3296;266.5;1.1;675;0.4367;106.6;7.608;0.1578;0.1578;;0.1;120;0.0698;78.9;7.417;0.1398;0.1398;;0.1;224;0.1147;69.9;7.405;1.4163;1.4163;113.3;1.1;1954;2.3353;113.3;9.837;1.8805;1.8805;;0.1;431;0.0453;94;9.815;26.6694;26.6694;106.7;5.3;9527;6.159;106.7;10.183;1.909;1.909;;0.1;482;0.0444;95.4;7.885;0.1694;0.1694;;0;2076;0.1569;84.7;10.164;27.4502;27.4502;109.8;5.5;10849;7.014;109.8;7.76;0.1585;0.1585;;0.1;329;0.0981;79.3;8.115;0.1712;0.1712;;0.1;424;0.1263;85.6;8.11;1.4703;1.4703;117.6;1.2;3358;4.0129;117.6
!;!;epa_cal2;eis_test_4.d;Cal;L2;7/30/2025 3:00 PM;3.311;1.8773;1.8773;;0.2;3747;0.1807;93.9;3.308;9.9062;9.9062;99.1;1;20734;2.2515;99.1;4.386;1.0562;1.0562;;0.2;1941;0.1897;105.6;4.382;4.8677;4.8677;97.4;1;10229;1.3234;97.4;5.187;1.8552;1.8552;;0.2;2566;0.1912;92.8;5.183;9.7424;9.7424;97.4;1.9;13416;1.7357;97.4;5.048;0.4939;0.4939;;0.2;646;0.1951;98.8;5.052;2.6231;2.6231;104.9;0.5;3311;2.2181;104.9;4.999;0.4603;0.4603;;0.2;1545;0.1876;92.1;5.004;2.4264;2.4264;97.1;0.5;8232;1.065;97.1;4.823;2.4002;2.4002;;0.5;452;0.434;120;4.819;3.5239;3.5239;70.5;0.7;1042;0.6978;70.5;5.593;0.5039;0.5039;;0.2;496;0.2555;100.8;5.486;0.5116;0.5116;;0.2;1141;0.1699;102.3;5.481;2.4172;2.4172;96.7;0.5;6716;0.8688;96.7;5.64;1.8791;1.8791;;0.2;6427;0.479;94;6.037;0.6843;0.6843;;0.3;288;0.1484;136.9;6.041;2.5458;2.5458;101.8;0.5;1942;1.3006;101.8;5.897;0.4583;0.4583;;0.2;692;0.1501;91.7;5.893;2.5716;2.5716;102.9;1;4609;13.4361;102.9;5.722;2.2731;2.2731;;0.5;156;0.3658;113.7;5.726;3.3696;3.3696;67.4;0.7;426;0.2853;67.4;6.457;0.6867;0.6867;;0.3;377;0.2295;137.3;6.17;0.0784;0.0784;;0.1;83;0.0677;15.7;6.281;1.1497;1.1497;92;0.9;1222;0.9094;92;8.552;0.4526;0.4526;;0.2;1166;0.1779;90.5;6.852;0.5464;0.5464;;0.2;286;0.1744;109.3;8.55;2.5447;2.5447;101.8;0.5;6552;4.1824;101.8;6.847;2.517;2.517;100.7;0.5;1642;1.0478;100.7;9.952;0.4619;0.4619;;0.2;604;0.3183;92.4;6.661;0.586;0.586;;0.5;607;0.3849;117.2;9.946;2.5308;2.5308;101.2;0.5;1896;1.2102;101.2;6.658;1.2104;1.2104;96.8;1;1576;1.8218;96.8;10.139;0.2028;0.2028;;0.1;92;0.0446;40.6;6.479;2.3372;2.3372;;0.5;136;0.4976;116.9;6.475;3.5048;3.5048;70.1;0.7;273;0.1832;70.1;7.135;1.8562;1.8562;;0.2;10132;0.7552;92.8;10.287;2.5741;2.5741;103;0.5;2069;1.3205;103;7.221;0.4752;0.4752;;0.2;366;0.2229;95;7.033;0.6439;0.6439;;0.5;690;0.5152;128.8;6.727;0.4485;0.4485;;0.1;42;0.0576;89.7;7.028;1.1939;1.1939;95.5;1;1339;1.5471;95.5;6.726;5.0522;5.0522;252.6;1;736;0.47;101;6.891;0.6724;0.6724;;0.1;68;0.0991;134.5;6.898;5.375;5.375;268.7;1.1;690;0.4404;107.5;7.592;0.4698;0.4698;;0.2;341;0.2078;94;7.4;0.4839;0.4839;;0.4;695;0.3967;96.8;7.396;1.2273;1.2273;98.2;1;1751;2.0236;98.2;9.837;5.3507;5.3507;;0.2;1203;0.1288;107;9.815;25.8149;25.8149;103.3;5.2;9340;5.9617;103.3;10.183;5.3491;5.3491;;0.2;1284;0.1244;107;7.877;0.4432;0.4432;;0;5503;0.4101;88.6;10.164;25.7967;25.7967;103.2;5.2;10327;6.5915;103.2;7.751;0.4842;0.4842;;0.4;878;0.2994;96.8;8.106;0.4615;0.4615;;0.4;998;0.3402;92.3;8.11;1.2419;1.2419;99.4;1;2933;3.3896;99.4
;!;epa_cal3;eis_test_5.d;Cal;L3;7/30/2025 3:15 PM;3.303;4.2215;4.2215;;0.4;9039;0.4063;84.4;3.308;10.0444;10.0444;100.4;1;22245;2.2829;100.4;4.378;2.3851;2.3851;;0.5;4778;0.4284;95.4;4.382;5.0339;5.0339;100.7;1;11153;1.3686;100.7;5.179;4.2544;4.2544;;0.4;6310;0.4379;85.1;5.184;9.9257;9.9257;99.3;2;14411;1.7684;99.3;5.04;1.1132;1.1132;;0.4;1533;0.4391;89.1;5.044;2.6015;2.6015;104.1;0.5;3491;2.1998;104.1;4.991;1.0894;1.0894;;0.4;4055;0.4442;87.2;4.996;2.5521;2.5521;102.1;0.5;9129;1.1202;102.1;4.815;4.9219;4.9219;;1;1023;0.8836;98.4;4.81;3.6857;3.6857;73.7;0.7;1158;0.7298;73.7;5.593;1.0344;1.0344;;0.4;1093;0.5237;82.8;5.478;1.1691;1.1691;;0.5;2797;0.3884;93.5;5.481;2.4586;2.4586;98.3;0.5;7202;0.8837;98.3;5.64;4.3578;4.3578;;0.4;16009;1.1109;87.2;6.037;1.4915;1.4915;;0.6;675;0.3235;119.3;6.049;2.5735;2.5735;102.9;0.5;2087;1.3148;102.9;5.897;1.2841;1.2841;;0.5;2101;0.4206;102.7;5.893;2.3047;2.3047;92.2;0.9;4996;12.0415;92.2;5.722;5.0698;5.0698;;1;387;0.8095;101.4;5.718;3.5575;3.5575;71.2;0.7;478;0.3012;71.2;6.457;1.4166;1.4166;;0.6;846;0.4735;113.3;6.285;0.9904;0.9904;;0.8;1247;0.8521;79.2;6.281;1.2556;1.2556;100.5;1;1463;0.9933;100.5;8.552;1.0407;1.0407;;0.4;2838;0.4085;83.3;6.852;1.3223;1.3223;;0.5;754;0.422;105.8;8.558;2.4966;2.4966;99.9;0.5;6947;4.1034;99.9;6.855;2.535;2.535;101.4;0.5;1787;1.0553;101.4;9.952;1.0008;1.0008;;0.4;1376;0.6887;80.1;6.67;1.1934;1.1934;;1;1380;0.7839;95.5;9.946;2.4679;2.4679;98.7;0.5;1998;1.1801;98.7;6.666;1.2968;1.2968;103.7;1;1761;1.9519;103.7;10.139;0.534;0.534;;0.2;252;0.1174;42.7;6.479;4.1515;4.1515;;0.8;295;0.8791;83;6.484;4.0476;4.0476;81;0.8;336;0.2115;81;7.143;4.3009;4.3009;;0.4;25174;1.7469;86;10.287;2.4737;2.4737;98.9;0.5;2149;1.269;98.9;7.238;1.0388;1.0388;;0.4;869;0.4862;83.1;7.033;1.1464;1.1464;;0.9;1439;0.9173;91.7;6.735;1.6011;1.6011;;0.3;155;0.2061;128.1;7.036;1.3416;1.3416;107.3;1.1;1568;1.7385;107.3;6.726;4.764;4.764;238.2;1;750;0.4432;95.3;6.907;1.2564;1.2564;;0.3;124;0.1854;100.5;6.906;4.8127;4.8127;240.6;1;668;0.3943;96.3;7.6;1.0004;1.0004;;0.4;789;0.4415;80;7.4;0.9799;0.9799;;0.8;1545;0.8019;78.4;7.396;1.2953;1.2953;103.6;1;1927;2.1357;103.6;9.837;12.0609;12.0609;;0.5;2878;0.2902;96.5;9.815;25.366;25.366;101.5;5.1;9918;5.858;101.5;10.191;12.3859;12.3859;;0.5;3150;0.2879;99.1;7.885;0.9894;0.9894;;0.1;13174;0.9142;79.2;10.164;25.2914;25.2914;101.2;5.1;10941;6.4624;101.2;7.76;1.1018;1.1018;;0.9;2070;0.6801;88.1;8.106;1.0777;1.0777;;0.9;2414;0.7931;86.2;8.11;1.236;1.236;98.9;1;3043;3.3735;98.9
!;!;epa_cal4;eis_test_6.d;Cal;L4;7/30/2025 3:30 PM;3.303;8.9574;8.9574;;0.9;18047;0.8622;89.6;3.3;10.037;10.037;100.4;1;20932;2.2812;100.4;4.378;5.0895;5.0895;;1;9663;0.9142;101.8;4.382;5.0656;5.0656;101.3;1;10570;1.3772;101.3;5.187;8.9269;8.9269;;0.9;12909;0.916;89.3;5.183;10.306;10.306;103.1;2.1;14092;1.8361;103.1;5.048;2.2128;2.2128;;0.9;2918;0.8704;88.5;5.044;2.5941;2.5941;103.8;0.5;3352;2.1936;103.8;4.999;2.2675;2.2675;;0.9;7897;0.9245;90.7;4.996;2.5356;2.5356;101.4;0.5;8542;1.113;101.4;4.815;10.7919;10.7919;;2.2;2152;1.9051;107.9;4.819;3.732;3.732;74.6;0.7;1129;0.739;74.6;5.593;2.2811;2.2811;;0.9;2269;1.1503;91.2;5.478;2.4193;2.4193;;1;5568;0.8037;96.8;5.481;2.5116;2.5116;100.5;0.5;6928;0.9028;100.5;5.632;8.8723;8.8723;;0.9;31872;2.2618;88.7;6.037;3.3476;3.3476;;1.3;1432;0.726;133.9;6.041;2.5264;2.5264;101.1;0.5;1973;1.2908;101.1;5.889;2.6147;2.6147;;1;3998;0.8564;104.6;5.893;2.4209;2.4209;96.8;1;4668;12.6489;96.8;5.722;11.3931;11.3931;;2.3;831;1.7865;113.9;5.726;3.5968;3.5968;71.9;0.7;465;0.3045;71.9;6.457;3.2441;3.2441;;1.3;1817;1.0843;129.8;6.277;1.9851;1.9851;;1.6;2450;1.703;79.4;6.281;1.3083;1.3083;104.7;1;1439;1.0349;104.7;8.544;2.1832;2.1832;;0.9;5685;0.8549;87.3;6.852;2.6155;2.6155;;1;1399;0.8347;104.6;8.55;2.5641;2.5641;102.6;0.5;6649;4.2143;102.6;6.847;2.5512;2.5512;102;0.5;1676;1.062;102;9.944;2.2797;2.2797;;0.9;2955;1.5626;91.2;6.661;2.5524;2.5524;;2;2793;1.6767;102.1;9.946;2.5067;2.5067;100.3;0.5;1891;1.1987;100.3;6.658;1.1582;1.1582;92.7;0.9;1666;1.7433;92.7;10.131;2.1947;2.1947;;0.9;997;0.4803;87.8;6.479;12.1366;12.1366;;2.4;735;2.5095;121.4;6.467;3.6666;3.6666;73.3;0.7;293;0.1916;73.3;7.135;8.8915;8.8915;;0.9;50726;3.5997;88.9;10.278;2.5634;2.5634;102.5;0.5;2075;1.315;102.5;7.23;2.2847;2.2847;;0.9;1782;1.0638;91.4;7.033;2.4735;2.4735;;2;2733;1.9792;98.9;6.727;3.0909;3.0909;;0.6;297;0.3993;123.6;7.028;1.1152;1.1152;89.2;0.9;1381;1.445;89.2;6.718;5.0653;5.0653;253.3;1;744;0.4712;101.3;6.899;2.6815;2.6815;;0.5;253;0.3965;107.3;6.898;4.9289;4.9289;246.4;1;637;0.4038;98.6;7.6;2.2585;2.2585;;0.9;1663;0.9923;90.3;7.392;2.2302;2.2302;;1.8;3102;1.8168;89.2;7.396;1.0839;1.0839;86.7;0.9;1708;1.7871;86.7;9.837;26.2997;26.2997;;1.1;5942;0.6325;105.2;9.815;25.7821;25.7821;103.1;5.2;9394;5.9541;103.1;10.183;26.5382;26.5382;;1.1;6491;0.6162;106.2;7.877;2.0936;2.0936;;0.2;27167;1.9278;83.7;10.155;26.1277;26.1277;104.5;5.2;10533;6.6761;104.5;7.751;2.3016;2.3016;;1.8;4126;1.4158;92.1;8.106;2.247;2.247;;1.8;4804;1.6484;89.9;8.102;1.1174;1.1174;89.4;0.9;2914;3.0498;89.4
;!;epa_cal5;eis_test_7.d;Cal;L5;7/30/2025 3:46 PM;3.269;17.1503;17.1503;;1.7;37921;1.6508;85.8;3.275;9.9854;9.9854;99.9;1;22972;2.2695;99.9;4.37;9.7452;9.7452;;1.9;20272;1.7505;97.5;4.374;4.9555;4.9555;99.1;1;11580;1.3472;99.1;5.187;16.1505;16.1505;;1.6;26809;1.6497;80.8;5.183;10.612;10.612;106.1;2.1;16251;1.8906;106.1;5.048;4.2665;4.2665;;1.7;6220;1.6696;85.3;5.044;2.5106;2.5106;100.4;0.5;3726;2.1229;100.4;4.999;4.3176;4.3176;;1.7;16683;1.7603;86.4;4.996;2.512;2.512;100.5;0.5;9477;1.1026;100.5;4.815;19.5438;19.5438;;3.9;4546;3.3631;97.7;4.81;3.89;3.89;77.8;0.8;1352;0.7702;77.8;5.593;4.3099;4.3099;;1.7;4945;2.1594;86.2;5.478;4.7243;4.7243;;1.9;12196;1.5694;94.5;5.481;2.5153;2.5153;100.6;0.5;7771;0.9041;100.6;5.632;16.5555;16.5555;;1.7;68586;4.2204;82.8;6.037;6.4989;6.4989;;2.6;3228;1.4095;130;6.041;2.554;2.554;102.2;0.5;2290;1.3048;102.2;5.889;4.8142;4.8142;;1.9;8538;1.5768;96.3;5.885;2.4102;2.4102;96.4;1;5415;12.5928;96.4;5.722;19.179;19.179;;3.8;1703;2.9399;95.9;5.718;3.8986;3.8986;78;0.8;579;0.33;78;6.449;6.4709;6.4709;;2.6;3883;2.1628;129.4;6.277;4.094;4.094;;3.3;5537;3.4911;81.9;6.281;1.2497;1.2497;100;1;1586;0.9886;100;8.544;4.2485;4.2485;;1.7;12416;1.6565;85;6.844;5.4457;5.4457;;2.2;3120;1.7379;108.9;8.542;2.3949;2.3949;95.8;0.5;7495;3.9363;95.8;6.847;2.2648;2.2648;90.6;0.5;1795;0.9428;90.6;9.944;4.2033;4.2033;;1.7;6239;2.8642;84.1;6.653;4.7779;4.7779;;3.8;5911;3.1386;95.6;9.937;2.3922;2.3922;95.7;0.5;2178;1.1439;95.7;6.658;1.3184;1.3184;105.5;1.1;1883;1.9843;105.5;10.123;4.1891;4.1891;;1.7;2129;0.9121;83.8;6.471;19.0294;19.0294;;3.8;1382;3.853;95.1;6.476;3.9097;3.9097;78.2;0.8;359;0.2043;78.2;7.135;16.6528;16.6528;;1.7;108958;6.7046;83.3;10.278;2.39;2.39;95.6;0.5;2335;1.2261;95.6;7.221;4.4205;4.4205;;1.8;3662;2.04;88.4;7.025;4.5046;4.5046;;3.6;6178;3.6045;90.1;6.719;5.6606;5.6606;;1.1;635;0.7358;113.2;7.028;1.3936;1.3936;111.5;1.1;1714;1.8059;111.5;6.718;4.8715;4.8715;243.6;1;863;0.4532;97.4;6.899;5.1107;5.1107;;1;519;0.7583;102.2;6.898;4.3842;4.3842;219.2;0.9;684;0.3592;87.7;7.592;4.5031;4.5031;;1.8;3523;1.9624;90.1;7.392;4.0246;4.0246;;3.2;6837;3.2572;80.5;7.388;1.3413;1.3413;107.3;1.1;2099;2.2116;107.3;9.829;49.4054;49.4054;;2;12693;1.1873;98.8;9.806;24.3106;24.3106;97.2;4.9;10690;5.6143;97.2;10.183;49.1918;49.1918;;2;13322;1.1408;98.4;7.868;3.9676;3.9676;;0.4;59037;3.6328;79.4;10.155;24.0021;24.0021;96;4.8;11678;6.1329;96;7.751;4.4528;4.4528;;3.6;8900;2.7226;89.1;8.098;4.4261;4.4261;;3.5;10552;3.2277;88.5;8.102;1.2619;1.2619;101;1;3269;3.4443;101
!;!;epa_cal6;eis_test_8.d;Cal;L6;7/30/2025 4:01 PM;3.303;50.2936;50.2936;;5;85388;4.841;100.6;3.308;9.9708;9.9708;99.7;1;17639;2.2662;99.7;4.37;28.1575;28.1575;;5.6;48167;5.0579;112.6;4.366;5.0314;5.0314;100.6;1;9523;1.3679;100.6;5.179;52.2315;52.2315;;5.2;63231;5.2117;104.5;5.175;9.7816;9.7816;97.8;2;12132;1.7427;97.8;5.04;12.9436;12.9436;;5.2;14817;4.9541;103.5;5.036;2.4396;2.4396;97.6;0.5;2991;2.0629;97.6;4.991;12.8377;12.8377;;5.1;39483;5.2339;102.7;4.988;2.4686;2.4686;98.7;0.5;7544;1.0836;98.7;4.815;45.7524;45.7524;;9.2;10639;7.263;91.5;4.81;5.1029;5.1029;102.1;1;1465;1.0104;102.1;5.585;12.5848;12.5848;;5;11311;6.1388;100.7;5.47;14.155;14.155;;5.7;29038;4.7022;113.2;5.472;2.4678;2.4678;98.7;0.5;6175;0.887;98.7;5.632;50.2962;50.2962;;5;155560;12.8218;100.6;6.037;18.7849;18.7849;;7.5;7506;4.074;150.3;6.032;2.4875;2.4875;99.5;0.5;1843;1.2709;99.5;5.889;13.8347;13.8347;;5.5;20586;4.5313;110.7;5.885;2.764;2.764;110.6;1.1;4543;14.4414;110.6;5.713;50.4482;50.4482;;10.1;4303;7.0206;100.9;5.718;4.993;4.993;99.9;1;613;0.4227;99.9;6.449;16.3809;16.3809;;6.6;8496;5.4752;131;6.277;12.6893;12.6893;;10.2;13210;10.5521;101.5;6.273;1.1947;1.1947;95.6;1;1252;0.9451;95.6;8.544;12.6096;12.6096;;5;29450;4.8308;100.9;6.844;14.2384;14.2384;;5.7;7050;4.5438;113.9;8.55;2.4902;2.4902;99.6;0.5;6096;4.0928;99.6;6.839;2.5025;2.5025;100.1;0.5;1552;1.0417;100.1;9.936;12.592;12.592;;5;14826;8.3588;100.7;6.653;13.6207;13.6207;;10.9;14207;8.9473;109;9.937;2.4903;2.4903;99.6;0.5;1774;1.1908;99.6;6.658;1.314;1.314;105.1;1.1;1588;1.9777;105.1;10.123;12.689;12.689;;5.1;5035;2.7014;101.5;6.471;44.9588;44.9588;;9;3318;8.3759;89.9;6.475;5.2273;5.2273;104.5;1;396;0.2732;104.5;7.135;52.0004;52.0004;;5.2;247588;20.4071;104;10.27;2.4391;2.4391;97.6;0.5;1864;1.2513;97.6;7.221;12.5873;12.5873;;5;8705;5.6099;100.7;7.025;15.3128;15.3128;;12.3;14938;12.2531;122.5;6.719;12.325;12.325;;2.5;1151;1.6281;98.6;7.028;1.1718;1.1718;93.7;0.9;1219;1.5185;93.7;6.718;5.1004;5.1004;255;1;707;0.4745;102;6.891;12.4518;12.4518;;2.5;1309;1.8674;99.6;6.882;5.7421;5.7421;287.1;1.1;701;0.4705;114.8;7.592;12.5985;12.5985;;5;8267;5.3281;100.8;7.392;13.0867;13.0867;;10.5;16252;10.2395;104.7;7.388;1.199;1.199;95.9;1;1587;1.9769;95.9;9.829;141.5931;141.5931;;5.7;29159;3.3937;113.3;9.806;24.9782;24.9782;99.9;5;8592;5.7684;99.9;10.175;145.5675;145.5675;;5.8;31436;3.3563;116.5;7.868;12.6421;12.6421;;1.3;136731;11.2698;101.1;10.147;24.6093;24.6093;98.4;4.9;9366;6.2881;98.4;7.751;12.8355;12.8355;;10.3;20755;7.6613;102.7;8.098;12.5895;12.5895;;10.1;24317;8.9759;100.7;8.102;1.2363;1.2363;98.9;1;2709;3.3743;98.9
!;!;epa_cal7;eis_test_9.d;Cal;L7;7/30/2025 4:16 PM;3.303;219.3233;219.3233;;21.9;306206;21.1108;87.7;3.3;10.104;10.104;101;1;14505;2.2965;101;4.37;124.3669;124.3669;;24.9;191906;22.3398;99.5;4.366;4.9733;4.9733;99.5;1;8590;1.3521;99.5;5.171;249.916;249.916;;25;231792;21.7027;100;5.167;9.4357;9.4357;94.4;1.9;10680;1.6811;94.4;5.032;62.4833;62.4833;;25;60319;20.8585;100;5.036;2.3811;2.3811;95.2;0.5;2892;2.0134;95.2;4.983;56.7679;56.7679;;22.7;155061;23.1442;90.8;4.988;2.4025;2.4025;96.1;0.5;6700;1.0545;96.1;4.806;107.7296;107.7296;;21.5;45939;13.7041;43.1;4.802;11.7872;11.7872;235.7;2.4;3352;2.334;235.7;5.577;62.4956;62.4956;;25;48985;25.4954;100;5.47;62.1739;62.1739;;24.9;122172;20.6538;99.5;5.472;2.5903;2.5903;103.6;0.5;5915;0.931;103.6;5.623;211.7475;211.7475;;21.2;576521;53.9798;84.7;6.029;61.2024;61.2024;;24.5;25503;13.2735;97.9;6.032;2.6184;2.6184;104.7;0.5;1921;1.3377;104.7;5.881;62.2283;62.2283;;24.9;91482;20.3816;99.6;5.885;2.3527;2.3527;94.1;0.9;4488;12.2925;94.1;5.713;108.5683;108.5683;;21.7;18215;12.2589;43.4;5.71;12.2202;12.2202;244.4;2.4;1486;1.0345;244.4;6.449;61.6891;61.6891;;24.7;32797;20.619;98.7;6.269;62.4905;62.4905;;50;58414;44.3047;100;6.273;1.2291;1.2291;98.3;1;1318;0.9723;98.3;8.544;62.4952;62.4952;;25;127808;21.4037;100;6.836;62.1458;62.1458;;24.9;31546;19.8322;99.4;8.542;2.3315;2.3315;93.3;0.5;5971;3.832;93.3;6.839;2.4521;2.4521;98.1;0.5;1591;1.0208;98.1;9.936;62.4952;62.4952;;25;64588;34.9458;100;6.653;62.2742;62.2742;;49.8;61131;40.9075;99.6;9.929;2.4804;2.4804;99.2;0.5;1848;1.1861;99.2;6.65;1.1562;1.1562;92.5;0.9;1494;1.7402;92.5;10.123;62.4907;62.4907;;25;21623;11.5374;100;6.471;93.6741;93.6741;;18.7;12576;14.6055;37.5;6.475;11.4708;11.4708;229.4;2.3;861;0.5995;229.4;7.127;249.9206;249.9206;;25;895481;83.8441;100;10.27;2.3445;2.3445;93.8;0.5;1874;1.2027;93.8;7.221;62.4944;62.4944;;25;34707;21.8194;100;7.025;61.9396;61.9396;;49.6;62958;49.5633;99.1;6.711;62.5048;62.5048;;12.5;6420;9.2464;100;7.028;1.1416;1.1416;91.3;0.9;1270;1.4792;91.3;6.709;4.7895;4.7895;239.5;1;694;0.4456;95.8;6.891;62.5014;62.5014;;12.5;5681;10.0494;100;6.882;4.4276;4.4276;221.4;0.9;565;0.3628;88.6;7.592;62.4944;62.4944;;25;34160;21.4754;100;7.392;62.4731;62.4731;;50;66758;39.7269;100;7.388;1.1868;1.1868;94.9;0.9;1680;1.9569;94.9;9.829;625.0019;625.0019;;25;117341;14.7684;100;9.798;22.0787;22.0787;88.3;4.4;7945;5.0988;88.3;10.175;625.0029;625.0029;;25;121061;13.9968;100;7.868;62.4928;62.4928;;6.2;502302;47.0307;100;10.147;21.7226;21.7226;86.9;4.3;8649;5.5505;86.9;7.743;62.4866;62.4866;;50;88719;31.9129;100;8.098;62.4957;62.4957;;50;106582;38.3385;100;8.102;1.1861;1.1861;94.9;0.9;2780;3.2374;94.9
!;!;RINSE;spe_test_1.d;Sample;;8-1-2025 12:18;3.336;36.6259;36.6259;;3.7;1;3.5254;;3.358;3.3505;3.3505;33.5;0.3;0;0.7615;;4.311;21.1058;21.1058;;4.2;2;3.7912;;4.288;5.9596;5.9596;119.2;1.2;0;1.6202;;5.08;4.7014;4.7014;;0.5;1;0.4837;;5.233;30.5355;30.5355;305.4;6.1;2;5.4402;;5.015;5.4813;5.4813;;2.2;1;2.1383;;5.077;1.2458;1.2458;49.8;0.2;1;1.0534;;5.024;12.2719;12.2719;;4.9;7;5.0032;;5.07;10.5805;10.5805;423.2;2.1;1;4.6441;;4.889;1.2738;1.2738;;0.3;0;0.231;;4.769;8.1711;8.1711;163.4;1.6;1;1.6179;;5.519;0.8893;0.8893;;0.4;1;0.4504;;5.536;107.3949;107.3949;;43;6;35.6759;;5.629;1.627;1.627;65.1;0.3;0;0.5848;;5.599;6.5819;6.5819;;0.7;3;1.6779;;6.037;0.8679;0.8679;;0.3;0;0.1882;;6.041;8.7145;8.7145;348.6;1.7;2;4.4522;;5.881;55.6932;55.6932;;22.3;15;18.2412;;5.984;2.4795;2.4795;99.2;1;1;12.9551;;5.87;4.4498;4.4498;;0.9;0;0.7117;;5.594;9.0246;9.0246;180.5;1.8;0;0.764;;6.613;1.6547;1.6547;;0.7;1;0.5531;;6.211;1.472;1.472;;1.2;4;1.2647;;6.199;10.1178;10.1178;809.4;8.1;3;8.0036;;8.569;5.6956;5.6956;;2.3;3;2.214;;6.836;12.7132;12.7132;;5.1;5;4.0571;;8.608;2.1865;2.1865;87.5;0.4;1;3.5937;;6.773;7.983;7.983;319.3;1.6;1;3.3232;;9.67;0.2697;0.2697;;0.1;0;0.186;;6.498;3.7518;3.7518;;3;1;2.4645;;9.929;7.6504;7.6504;306;1.5;1;3.6582;;6.633;0.2116;0.2116;16.9;0.2;0;0.3185;;10.189;41.3777;41.3777;;16.6;1;8.1353;;6.61;3.7202;3.7202;;0.7;0;0.7888;;6.36;16.1871;16.1871;323.7;3.2;0;0.846;;7.217;2.3045;2.3045;;0.2;2;0.9373;;10.345;0.4736;0.4736;18.9;0.1;0;0.243;;7.353;2.645;2.645;;1.1;2;1.2297;;7.181;14.4123;14.4123;;11.5;2;11.5325;;6.711;3.0644;3.0644;;0.6;1;0.3958;;6.912;0.1112;0.1112;8.9;0.1;0;0.1441;;6.75;73.3511;73.3511;3667.6;14.7;3;6.8242;;6.841;7.9129;7.9129;;1.6;3;1.1789;;6.841;67.1548;67.1548;3357.7;13.4;2;5.5022;;7.566;0.3604;0.3604;;0.1;0;0.1594;;7.31;24.0218;24.0218;;19.2;7;18.0161;;7.413;0.1596;0.1596;12.8;0.1;0;0.2631;;9.837;51.606;51.606;;2.1;0;1.2401;;9.806;4.1904;4.1904;16.8;0.8;0;0.9677;;10.225;35.7054;35.7054;;1.4;4;0.8287;;7.935;0.4174;0.4174;;0;1;0.3863;;10.072;49.121;49.121;196.5;9.8;5;12.5512;;7.768;10.2859;10.2859;;8.2;1;6.185;;8.131;16.5809;16.5809;;13.3;3;11.6897;;8.118;0.0611;0.0611;4.9;0;0;0.1669;
!;!;blank_spike;spe_test_2.d;Sample;;8-1-2025 12:34;3.344;0.0003;0.0003;;0;1;0;;3.283;9.8862;9.8862;98.9;1;19063;2.247;;4.403;0.0038;0.0038;;0;6;0.0007;;4.432;4.7779;4.7779;95.6;1;8580;1.299;;5.22;0.0033;0.0033;;0;4;0.0003;;5.242;10.6087;10.6087;106.1;2.1;12485;1.89;;5.073;0.0023;0.0023;;0;3;0.0009;;5.102;2.579;2.579;103.2;0.5;2951;2.1808;;5.032;0.0058;0.0058;;0;18;0.0024;;5.054;2.5805;2.5805;103.2;0.5;7482;1.1326;;4.74;0.0004;0.0004;;0;0;0.0001;;4.877;3.233;3.233;64.7;0.6;866;0.6402;;5.593;0.0012;0.0012;;0;1;0.0006;;5.355;0.0037;0.0037;;0;7;0.0012;;5.538;2.4701;2.4701;98.8;0.5;5865;0.8878;;5.714;0.0007;0.0007;;0;2;0.0002;;6.029;0.0028;0.0028;;0;1;0.0006;;6.098;2.5848;2.5848;103.4;0.5;1787;1.3206;;5.889;0.0275;0.0275;;0;36;0.009;;5.951;2.178;2.178;87.1;0.9;4049;11.3797;;5.524;0.0158;0.0158;;0;1;0.0026;;5.776;3.0984;3.0984;62;0.6;355;0.2623;;6.613;0.0054;0.0054;;0;3;0.0018;;6.359;0.0016;0.0016;;0;2;0.0014;;6.339;1.2898;1.2898;103.2;1;1175;1.0203;;8.594;0.0034;0.0034;;0;8;0.0013;;6.787;0.006;0.006;;0;3;0.0019;;8.6;2.4678;2.4678;98.7;0.5;6007;4.056;;6.896;2.2762;2.2762;91;0.5;1403;0.9475;;9.977;0.0022;0.0022;;0;3;0.0015;;6.604;0.0014;0.0014;;0;1;0.001;;9.987;2.4958;2.4958;99.8;0.5;1767;1.1934;;6.715;1.3848;1.3848;110.8;1.1;1441;2.0843;;10.206;0.0003;0.0003;;0;0;0.0001;;6.504;0.0213;0.0213;;0;1;0.0046;;6.517;3.1548;3.1548;63.1;0.6;223;0.1649;;7.192;0.0005;0.0005;;0;2;0.0002;;10.328;2.4629;2.4629;98.5;0.5;1871;1.2635;;7.123;0.0015;0.0015;;0;1;0.0007;;7.074;0.0088;0.0088;;0;9;0.007;;6.686;0.0031;0.0031;;0;0;0.0004;;7.085;1.418;1.418;113.4;1.1;1271;1.8375;;6.767;5.2586;5.2586;262.9;1.1;725;0.4892;;6.694;0.0449;0.0449;;0;4;0.0066;;6.947;5.3947;5.3947;269.7;1.1;655;0.442;;7.666;0.0011;0.0011;;0;1;0.0005;;7.359;0.0046;0.0046;;0;6;0.0038;;7.446;1.4025;1.4025;112.2;1.1;1599;2.3125;;9.804;0.009;0.009;;0;2;0.0002;;9.864;26.1993;26.1993;104.8;5.2;8961;6.0504;;10.183;0.0054;0.0054;;0;1;0.0001;;7.901;0.0001;0.0001;;0;1;0.0001;;10.205;25.9615;25.9615;103.8;5.2;9824;6.6336;;7.776;0.0003;0.0003;;0;1;0.0002;;8.115;0.0023;0.0023;;0;5;0.0017;;8.152;1.4537;1.4537;116.3;1.2;2743;3.9676;
!;!;alex_kwz;spe_test_3.d;Sample;;8-1-2025 12:49;3.369;0.0297;0.0297;;0;36;0.0029;;3.358;6.6404;6.6404;66.4;0.7;12736;1.5093;;4.445;0.0163;0.0163;;0;31;0.0029;;4.44;4.9065;4.9065;98.1;1;10532;1.3339;;5.204;0.0007;0.0007;;0;1;0.0001;;5.242;9.6747;9.6747;96.7;1.9;13609;1.7236;;5.106;0.0143;0.0143;;0;19;0.0057;;5.102;2.7304;2.7304;109.2;0.5;3288;2.3088;;5.049;0.0175;0.0175;;0;63;0.0071;;5.054;2.5422;2.5422;101.7;0.5;8810;1.1158;;4.691;0.0025;0.0025;;0;0;0.0005;;4.877;3.7083;3.7083;74.2;0.7;1046;0.7343;;5.602;0.0005;0.0005;;0;0;0.0002;;5.536;0.0097;0.0097;;0;20;0.0032;;5.53;2.2192;2.2192;88.8;0.4;6298;0.7977;;5.805;0.0004;0.0004;;0;1;0.0001;;5.996;0.0077;0.0077;;0;3;0.0017;;6.09;2.3277;2.3277;93.1;0.5;1694;1.1892;;5.947;0.1423;0.1423;;0.1;207;0.0466;;5.943;2.4639;2.4639;98.6;1;4441;12.8736;;5.689;0.0111;0.0111;;0;1;0.0018;;5.776;3.541;3.541;70.8;0.7;427;0.2998;;6.408;0.001;0.001;;0;0;0.0003;;6.269;0.0016;0.0016;;0;2;0.0014;;6.33;1.1462;1.1462;91.7;0.9;1203;0.9067;;8.594;0.1981;0.1981;;0.1;448;0.0779;;6.877;0.0543;0.0543;;0;24;0.0173;;8.6;2.3488;2.3488;94;0.5;5747;3.8605;;6.896;2.2789;2.2789;91.2;0.5;1412;0.9487;;9.961;0.0005;0.0005;;0;1;0.0004;;6.719;0.0018;0.0018;;0;2;0.0012;;9.987;2.0927;2.0927;83.7;0.4;1490;1.0007;;6.707;1.2659;1.2659;101.3;1;1436;1.9053;;10.198;0.0021;0.0021;;0;1;0.0005;;6.471;0.0024;0.0024;;0;0;0.0005;;6.525;3.5222;3.5222;70.4;0.7;262;0.1841;;7.184;0.0003;0.0003;;0;1;0.0001;;10.32;1.9279;1.9279;77.1;0.4;1472;0.989;;7.254;0.0014;0.0014;;0;1;0.0007;;7.058;0.0052;0.0052;;0;5;0.0042;;6.768;0.0186;0.0186;;0;1;0.0024;;7.077;1.1709;1.1709;93.7;0.9;1143;1.5173;;6.767;4.1911;4.1911;209.6;0.8;580;0.3899;;6.882;0.0305;0.0305;;0;2;0.0045;;6.939;4.3562;4.3562;217.8;0.9;531;0.3569;;7.566;0.0002;0.0002;;0;0;0.0001;;7.359;0.0016;0.0016;;0;2;0.0013;;7.438;1.1201;1.1201;89.6;0.9;1392;1.8468;;9.821;0.0082;0.0082;;0;2;0.0002;;9.856;23.3495;23.3495;93.4;4.7;8028;5.3923;;10.216;0.0093;0.0093;;0;2;0.0002;;8.043;0.0002;0.0002;;0;2;0.0002;;10.197;23.3552;23.3552;93.4;4.7;8884;5.9677;;7.826;0.0009;0.0009;;0;1;0.0006;;8.048;0.0011;0.0011;;0;2;0.0008;;8.143;1.112;1.112;89;0.9;2287;3.0351;
!;!;alex_dwz;spe_test_4.d;Sample;;8-1-2025 13:04;3.319;0.0099;0.0099;;0;13;0.001;;3.366;7.0222;7.0222;70.2;0.7;13471;1.596;;4.42;0.0078;0.0078;;0;10;0.0014;;4.432;3.3515;3.3515;67;0.7;7402;0.9112;;5.154;0.0013;0.0013;;0;1;0.0001;;5.233;6.7395;6.7395;67.4;1.3;9754;1.2007;;5.098;0.0065;0.0065;;0;6;0.0026;;5.102;1.8743;1.8743;75;0.4;2311;1.5849;;5.057;0.0107;0.0107;;0;29;0.0044;;5.045;1.8346;1.8346;73.4;0.4;6542;0.8053;;4.806;0.0012;0.0012;;0;0;0.0002;;4.868;2.5548;2.5548;51.1;0.5;738;0.5059;;5.61;0.0028;0.0028;;0;2;0.0014;;5.528;0.0019;0.0019;;0;3;0.0006;;5.53;1.6277;1.6277;65.1;0.3;4753;0.5851;;5.583;0.0003;0.0003;;0;1;0.0001;;6.095;0.0455;0.0455;;0;13;0.0099;;6.09;1.774;1.774;71;0.4;1322;0.9063;;5.93;0.0747;0.0747;;0;78;0.0245;;5.935;1.5729;1.5729;62.9;0.6;3194;8.2182;;5.606;0.018;0.018;;0;1;0.0029;;5.767;2.6697;2.6697;53.4;0.5;330;0.226;;6.424;0.0004;0.0004;;0;0;0.0001;;6.326;0.0213;0.0213;;0;18;0.0184;;6.322;0.9232;0.9232;73.9;0.7;967;0.7303;;8.594;0.0218;0.0218;;0;38;0.0086;;6.877;0.0287;0.0287;;0;11;0.0092;;8.591;1.6772;1.6772;67.1;0.3;4469;2.7567;;6.888;1.7652;1.7652;70.6;0.4;1191;0.7348;;9.936;0.0001;0.0001;;0;0;0.0001;;6.653;0.003;0.003;;0;2;0.002;;9.979;1.4458;1.4458;57.8;0.3;1121;0.6913;;6.699;0.8597;0.8597;68.8;0.7;1130;1.294;;10.139;0.0019;0.0019;;0;0;0.0004;;6.479;0.0132;0.0132;;0;1;0.0028;;6.525;2.5118;2.5118;50.2;0.5;191;0.1313;;7.209;0.0003;0.0003;;0;1;0.0001;;10.312;1.4292;1.4292;57.2;0.3;1189;0.7332;;7.246;0.0014;0.0014;;0;1;0.0007;;7.025;0.004;0.004;;0;3;0.0032;;6.785;0.0033;0.0033;;0;0;0.0004;;7.077;0.8826;0.8826;70.6;0.7;999;1.1437;;6.759;3.395;3.395;169.8;0.7;512;0.3159;;6.972;0.0071;0.0071;;0;0;0.001;;6.939;3.1013;3.1013;155.1;0.6;412;0.2541;;7.566;0.0006;0.0006;;0;0;0.0003;;7.343;0.0145;0.0145;;0;14;0.0119;;7.429;0.8095;0.8095;64.8;0.6;1166;1.3348;;9.837;0.002;0.002;;0;0;0;;9.848;15.6153;15.6153;62.5;3.1;5846;3.6062;;10.117;0.0078;0.0078;;0;1;0.0002;;7.926;0.0001;0.0001;;0;1;0.0001;;10.197;15.8319;15.8319;63.3;3.2;6558;4.0453;;7.826;0.0012;0.0012;;0;1;0.0008;;8.214;0.0007;0.0007;;0;1;0.0005;;8.143;0.7325;0.7325;58.6;0.6;1746;1.9992;
!;!;alex_kwpfas;spe_test_5.d;Sample;;8-1-2025 13:19;3.361;9.5295;9.5295;;1;9308;0.9173;;3.358;4.9787;4.9787;49.8;0.5;10148;1.1316;;4.428;10.4843;10.4843;;2.1;16532;1.8833;;4.424;3.9357;3.9357;78.7;0.8;8778;1.07;;5.229;9.0474;9.0474;;0.9;10897;0.9283;;5.225;8.0308;8.0308;80.3;1.6;11738;1.4308;;5.089;9.0002;9.0002;;3.6;9616;3.4799;;5.094;2.0856;2.0856;83.4;0.4;2763;1.7636;;5.04;9.2721;9.2721;;3.7;28484;3.7802;;5.045;2.0925;2.0925;83.7;0.4;7535;0.9184;;4.864;10.1399;10.1399;;2;1926;1.7934;;4.86;3.4608;3.4608;69.2;0.7;1074;0.6853;;5.634;9.474;9.474;;3.8;7018;4.6685;;5.519;10.0419;10.0419;;4;18852;3.3359;;5.522;1.9164;1.9164;76.7;0.4;5651;0.6888;;5.681;8.9329;8.9329;;0.9;26730;2.2772;;6.078;14.1726;14.1726;;5.7;4621;3.0737;;6.082;1.8779;1.8779;75.1;0.4;1503;0.9594;;5.939;13.2354;13.2354;;5.3;17005;4.335;;5.935;2.143;2.143;85.7;0.9;3923;11.1969;;5.763;11.2286;11.2286;;2.2;697;1.7615;;5.759;2.981;2.981;59.6;0.6;395;0.2524;;6.49;12.8509;12.8509;;5.1;5551;4.2953;;6.326;9.8821;9.8821;;7.9;9726;8.286;;6.322;1.1329;1.1329;90.6;0.9;1174;0.8962;;8.586;9.583;9.583;;3.8;17847;3.6949;;6.885;8.9473;8.9473;;3.6;3690;2.8553;;8.591;1.8569;1.8569;74.3;0.4;4830;3.0519;;6.88;1.9614;1.9614;78.5;0.4;1292;0.8165;;9.928;0.0014;0.0014;;0;1;0.001;;6.694;10.1141;10.1141;;8.1;8770;6.6439;;9.979;1.6792;1.6792;67.2;0.3;1271;0.803;;6.699;0.9391;0.9391;75.1;0.8;1320;1.4135;;10.214;0.0014;0.0014;;0;0;0.0003;;6.512;9.6554;9.6554;;1.9;478;2.0114;;6.517;2.9019;2.9019;58;0.6;238;0.1517;;7.176;8.4195;8.4195;;0.8;40025;3.4098;;10.312;1.5474;1.5474;61.9;0.3;1256;0.7938;;7.263;9.2502;9.2502;;3.7;5405;4.1823;;7.066;10.734;10.734;;8.6;9192;8.5892;;6.76;10.4366;10.4366;;2.1;873;1.3724;;7.069;0.8844;0.8844;70.7;0.7;1070;1.146;;6.759;4.3219;4.3219;216.1;0.9;636;0.4021;;6.94;11.7084;11.7084;;2.3;774;1.754;;6.931;3.4012;3.4012;170.1;0.7;441;0.2787;;7.633;8.2577;8.2577;;3.3;4587;3.5492;;7.433;9.2174;9.2174;;7.4;8897;7.3178;;7.429;0.7896;0.7896;63.2;0.6;1216;1.3019;;9.845;0.0077;0.0077;;0;1;0.0002;;9.848;17.322;17.322;69.3;3.5;6331;4.0003;;10.034;0.0094;0.0094;;0;2;0.0002;;7.91;1.7555;1.7555;;0.2;18995;1.6182;;10.188;17.6999;17.6999;70.8;3.5;7158;4.5226;;7.784;10.6985;10.6985;;8.6;11508;6.4254;;8.139;9.957;9.957;;8;12808;7.1513;;8.135;0.7027;0.7027;56.2;0.6;1791;1.918;
!;!;alex_dwpfas;spe_test_6.d;Sample;;8-1-2025 13:35;3.311;9.4692;9.4692;;0.9;14866;0.9114;;3.308;7.9182;7.9182;79.2;0.8;16310;1.7997;;4.411;10.6589;10.6589;;2.1;17303;1.9146;;4.407;3.8939;3.8939;77.9;0.8;9037;1.0586;;5.22;9.2113;9.2113;;0.9;11540;0.9451;;5.216;8.029;8.029;80.3;1.6;12211;1.4304;;5.081;9.3552;9.3552;;3.7;10452;3.6138;;5.077;2.2115;2.2115;88.5;0.4;2892;1.87;;5.032;9.5158;9.5158;;3.8;29375;3.8796;;5.029;2.0207;2.0207;80.8;0.4;7572;0.887;;4.856;11.5171;11.5171;;2.3;2082;2.0289;;4.852;3.3505;3.3505;67;0.7;1026;0.6634;;5.626;9.8523;9.8523;;3.9;7641;4.8489;;5.511;10.2824;10.2824;;4.1;19654;3.4157;;5.514;1.8753;1.8753;75;0.4;5754;0.674;;5.673;8.8394;8.8394;;0.9;27516;2.2534;;6.078;14.1301;14.1301;;5.7;4829;3.0645;;6.082;1.9943;1.9943;79.8;0.4;1576;1.0189;;5.93;12.7682;12.7682;;5.1;17288;4.182;;5.926;1.9221;1.9221;76.9;0.8;4134;10.0428;;5.755;12.4507;12.4507;;2.5;750;1.9464;;5.759;2.9418;2.9418;58.8;0.6;385;0.2491;;6.49;12.975;12.975;;5.2;6133;4.3368;;6.318;9.3646;9.3646;;7.5;10271;7.8641;;6.314;1.0691;1.0691;85.5;0.9;1306;0.8457;;8.577;9.6299;9.6299;;3.9;20170;3.7126;;6.877;9.1435;9.1435;;3.7;4126;2.9179;;8.583;1.8702;1.8702;74.8;0.4;5433;3.0739;;6.88;1.9219;1.9219;76.9;0.4;1414;0.8001;;9.911;0.0015;0.0015;;0;1;0.0011;;6.694;10.4219;10.4219;;8.3;9902;6.8461;;9.971;1.5933;1.5933;63.7;0.3;1347;0.7619;;6.691;1.0266;1.0266;82.1;0.8;1446;1.5451;;10.123;0.0029;0.0029;;0;1;0.0006;;6.504;11.3692;11.3692;;2.3;571;2.3563;;6.517;3.0004;3.0004;60;0.6;243;0.1568;;7.168;8.9564;8.9564;;0.9;44275;3.6258;;10.312;1.4828;1.4828;59.3;0.3;1344;0.7607;;7.254;9.2843;9.2843;;3.7;5935;4.1971;;7.058;10.6239;10.6239;;8.5;10207;8.5011;;6.752;13.1014;13.1014;;2.6;1054;1.7339;;7.06;0.9899;0.9899;79.2;0.8;1201;1.2828;;6.75;3.6957;3.6957;184.8;0.7;608;0.3438;;6.932;11.8339;11.8339;;2.4;932;1.7732;;6.923;3.6313;3.6313;181.6;0.7;526;0.2975;;7.625;9.1217;9.1217;;3.6;5526;3.9081;;7.425;8.9755;8.9755;;7.2;10120;7.1323;;7.421;0.9194;0.9194;73.6;0.7;1419;1.5159;;9.895;0.0027;0.0027;;0;0;0.0001;;9.839;16.9556;16.9556;67.8;3.4;6921;3.9157;;10.216;0.0007;0.0007;;0;0;0;;7.902;2.0078;2.0078;;0.2;22582;1.8493;;10.188;16.3963;16.3963;65.6;3.3;7405;4.1895;;7.784;10.2942;10.2942;;8.2;13306;6.1898;;8.131;9.5208;9.5208;;7.6;14717;6.8463;;8.127;0.8414;0.8414;67.3;0.7;2150;2.2966;
