Sample,,,,,,,,,,PFBA Results,,,,,,,,,,13C4-PFBA Results,,,,,,,,,,PFPeA Results,,,,,,,,,,13C5-PFPeA Results,,,,,,,,,,HFPO-DA Results,,,,,,,,,,13C3-HFPO-DA Results,,,,,,,,,,PFBS Results,,,,,,,,,,13C3-PFBS Results,,,,,,,,,,PFHxA Results,,,,,,,,,,13C5-PFHxA Results,,,,,,,,,,4:2 FTS Results,,,,,,,,,,13C2-4:2FTS Results,,,,,,,,,,PFPeS Results,,,,,,,,,,PFPHpA Results,,,,,,,,,,13C4-PFHpA Results,,,,,,,,,,ADONA Results,,,,,,,,,,PFHxS Results,,,,,,,,,,13C3-PFHxS Results,,,,,,,,,,PFOA Results,,,,,,,,,,13C8-PFOA Results,,,,,,,,,,6:2 FTS Results,,,,,,,,,,13C2-6:2FTS Results,,,,,,,,,,PFHpS Results,,,,,,,,,,PFNA Results,,,,,,,,,,13C9-PFNA Results,,,,,,,,,,PFOSA Results,,,,,,,,,,PFOS Results,,,,,,,,,,13C8-PFOSA Results,,,,,,,,,,13C8-PFOS Results,,,,,,,,,,NMeFOSA Results,,,,,,,,,,PFDA Results,,,,,,,,,,D3-NMeFOSA Results,,,,,,,,,,13C6-PFDA Results,,,,,,,,,,NEtFOSA Results,,,,,,,,,,8:2 FTS Results,,,,,,,,,,13C2-8:2FTS Results,,,,,,,,,,9Cl-PF3ONS Results,,,,,,,,,,D5-NEtFOSA Results,,,,,,,,,,PFNS Results,,,,,,,,,,PFUnA Results,,,,,,,,,,NMeFOSAA Results,,,,,,,,,,13C7-PFUnA Results,,,,,,,,,,D3-NMeFOSAA Results,,,,,,,,,,NEtFOSAA Results,,,,,,,,,,D5-NEtFOSAA Results,,,,,,,,,,PFDS Results,,,,,,,,,,PFDoA Results,,,,,,,,,,13C2-PFDoA Results,,,,,,,,,,NMeFOSE Results,,,,,,,,,,D7-NMeFOSE Results,,,,,,,,,,NEtFOSE Results,,,,,,,,,,11Cl-PF3OUdS Results,,,,,,,,,,D9-NEtFOSE Results,,,,,,,,,,PFTrDA Results,,,,,,,,,,PFTeDA Results,,,,,,,,,,13C2-PFTeDA Results,,,,,,,,,
,,Name,Data File,Type,Level,Acq. Date-Time,Dil.,Amt.,Tot. Amt.,RT,Final Conc.,Calc. Conc.,Surrogate % Recovery,ISTD Conc. Ratio,Area,S/N,RR,Accuracy,Custom Calc.,RT,Final Conc.,Calc. Conc.,Surrogate % Recovery,ISTD Conc. Ratio,Area,S/N,RR,Accuracy,Custom Calc.,RT,Final Conc.,Calc. Conc.,Surrogate % Recovery,ISTD Conc. Ratio,Area,S/N,RR,Accuracy,Custom Calc.,RT,Final Conc.,Calc. Conc.,Surrogate % Recovery,ISTD Conc. Ratio,Area,S/N,RR,Accuracy,Custom Calc.,RT,Final Conc.,Calc. Conc.,Surrogate % Recovery,ISTD Conc. Ratio,Area,S/N,RR,Accuracy,Custom Calc.,RT,Final Conc.,Calc. Conc.,Surrogate % Recovery,ISTD Conc. Ratio,Area,S/N,RR,Accuracy,Custom Calc.,RT,Final Conc.,Calc. Conc.,Surrogate % Recovery,ISTD Conc. Ratio,Area,S/N,RR,Accuracy,Custom Calc.,RT,Final Conc.,Calc. Conc.,Surrogate % Recovery,ISTD Conc. Ratio,Area,S/N,RR,Accuracy,Custom Calc.,RT,Final Conc.,Calc. Conc.,Surrogate % Recovery,ISTD Conc. Ratio,Area,S/N,RR,Accuracy,Custom Calc.,RT,Final Conc.,Calc. Conc.,Surrogate % Recovery,ISTD Conc. Ratio,Area,S/N,RR,Accuracy,Custom Calc.,RT,Final Conc.,Calc. Conc.,Surrogate % Recovery,ISTD Conc. Ratio,Area,S/N,RR,Accuracy,Custom Calc.,RT,Final Conc.,Calc. Conc.,Surrogate % Recovery,ISTD Conc. Ratio,Area,S/N,RR,Accuracy,Custom Calc.,RT,Final Conc.,Calc. Conc.,Surrogate % Recovery,ISTD Conc. Ratio,Area,S/N,RR,Accuracy,Custom Calc.,RT,Final Conc.,Calc. Conc.,Surrogate % Recovery,ISTD Conc. Ratio,Area,S/N,RR,Accuracy,Custom Calc.,RT,Final Conc.,Calc. Conc.,Surrogate % Recovery,ISTD Conc. Ratio,Area,S/N,RR,Accuracy,Custom Calc.,RT,Final Conc.,Calc. Conc.,Surrogate % Recovery,ISTD Conc. Ratio,Area,S/N,RR,Accuracy,Custom Calc.,RT,Final Conc.,Calc. Conc.,Surrogate % Recovery,ISTD Conc. Ratio,Area,S/N,RR,Accuracy,Custom Calc.,RT,Final Conc.,Calc. Conc.,Surrogate % Recovery,ISTD Conc. Ratio,Area,S/N,RR,Accuracy,Custom Calc.,RT,Final Conc.,Calc. Conc.,Surrogate % Recovery,ISTD Conc. Ratio,Area,S/N,RR,Accuracy,Custom Calc.,RT,Final Conc.,Calc. Conc.,Surrogate % Recovery,ISTD Conc. Ratio,Area,S/N,RR,Accuracy,Custom Calc.,RT,Final Conc.,Calc. Conc.,Surrogate % Recovery,ISTD Conc. Ratio,Area,S/N,RR,Accuracy,Custom Calc.,RT,Final Conc.,Calc. Conc.,Surrogate % Recovery,ISTD Conc. Ratio,Area,S/N,RR,Accuracy,Custom Calc.,RT,Final Conc.,Calc. Conc.,Surrogate % Recovery,ISTD Conc. Ratio,Area,S/N,RR,Accuracy,Custom Calc.,RT,Final Conc.,Calc. Conc.,Surrogate % Recovery,ISTD Conc. Ratio,Area,S/N,RR,Accuracy,Custom Calc.,RT,Final Conc.,Calc. Conc.,Surrogate % Recovery,ISTD Conc. Ratio,Area,S/N,RR,Accuracy,Custom Calc.,RT,Final Conc.,Calc. Conc.,Surrogate % Recovery,ISTD Conc. Ratio,Area,S/N,RR,Accuracy,Custom Calc.,RT,Final Conc.,Calc. Conc.,Surrogate % Recovery,ISTD Conc. Ratio,Area,S/N,RR,Accuracy,Custom Calc.,RT,Final Conc.,Calc. Conc.,Surrogate % Recovery,ISTD Conc. Ratio,Area,S/N,RR,Accuracy,Custom Calc.,RT,Final Conc.,Calc. Conc.,Surrogate % Recovery,ISTD Conc. Ratio,Area,S/N,RR,Accuracy,Custom Calc.,RT,Final Conc.,Calc. Conc.,Surrogate % Recovery,ISTD Conc. Ratio,Area,S/N,RR,Accuracy,Custom Calc.,RT,Final Conc.,Calc. Conc.,Surrogate % Recovery,ISTD Conc. Ratio,Area,S/N,RR,Accuracy,Custom Calc.,RT,Final Conc.,Calc. Conc.,Surrogate % Recovery,ISTD Conc. Ratio,Area,S/N,RR,Accuracy,Custom Calc.,RT,Final Conc.,Calc. Conc.,Surrogate % Recovery,ISTD Conc. Ratio,Area,S/N,RR,Accuracy,Custom Calc.,RT,Final Conc.,Calc. Conc.,Surrogate % Recovery,ISTD Conc. Ratio,Area,S/N,RR,Accuracy,Custom Calc.,RT,Final Conc.,Calc. Conc.,Surrogate % Recovery,ISTD Conc. Ratio,Area,S/N,RR,Accuracy,Custom Calc.,RT,Final Conc.,Calc. Conc.,Surrogate % Recovery,ISTD Conc. Ratio,Area,S/N,RR,Accuracy,Custom Calc.,RT,Final Conc.,Calc. Conc.,Surrogate % Recovery,ISTD Conc. Ratio,Area,S/N,RR,Accuracy,Custom Calc.,RT,Final Conc.,Calc. Conc.,Surrogate % Recovery,ISTD Conc. Ratio,Area,S/N,RR,Accuracy,Custom Calc.,RT,Final Conc.,Calc. Conc.,Surrogate % Recovery,ISTD Conc. Ratio,Area,S/N,RR,Accuracy,Custom Calc.,RT,Final Conc.,Calc. Conc.,Surrogate % Recovery,ISTD Conc. Ratio,Area,S/N,RR,Accuracy,Custom Calc.,RT,Final Conc.,Calc. Conc.,Surrogate % Recovery,ISTD Conc. Ratio,Area,S/N,RR,Accuracy,Custom Calc.,RT,Final Conc.,Calc. Conc.,Surrogate % Recovery,ISTD Conc. Ratio,Area,S/N,RR,Accuracy,Custom Calc.,RT,Final Conc.,Calc. Conc.,Surrogate % Recovery,ISTD Conc. Ratio,Area,S/N,RR,Accuracy,Custom Calc.,RT,Final Conc.,Calc. Conc.,Surrogate % Recovery,ISTD Conc. Ratio,Area,S/N,RR,Accuracy,Custom Calc.,RT,Final Conc.,Calc. Conc.,Surrogate % Recovery,ISTD Conc. Ratio,Area,S/N,RR,Accuracy,Custom Calc.,RT,Final Conc.,Calc. Conc.,Surrogate % Recovery,ISTD Conc. Ratio,Area,S/N,RR,Accuracy,Custom Calc.,RT,Final Conc.,Calc. Conc.,Surrogate % Recovery,ISTD Conc. Ratio,Area,S/N,RR,Accuracy,Custom Calc.,RT,Final Conc.,Calc. Conc.,Surrogate % Recovery,ISTD Conc. Ratio,Area,S/N,RR,Accuracy,Custom Calc.,RT,Final Conc.,Calc. Conc.,Surrogate % Recovery,ISTD Conc. Ratio,Area,S/N,RR,Accuracy,Custom Calc.,RT,Final Conc.,Calc. Conc.,Surrogate % Recovery,ISTD Conc. Ratio,Area,S/N,RR,Accuracy,Custom Calc.,RT,Final Conc.,Calc. Conc.,Surrogate % Recovery,ISTD Conc. Ratio,Area,S/N,RR,Accuracy,Custom Calc.,RT,Final Conc.,Calc. Conc.,Surrogate % Recovery,ISTD Conc. Ratio,Area,S/N,RR,Accuracy,Custom Calc.,RT,Final Conc.,Calc. Conc.,Surrogate % Recovery,ISTD Conc. Ratio,Area,S/N,RR,Accuracy,Custom Calc.,RT,Final Conc.,Calc. Conc.,Surrogate % Recovery,ISTD Conc. Ratio,Area,S/N,RR,Accuracy,Custom Calc.,RT,Final Conc.,Calc. Conc.,Surrogate % Recovery,ISTD Conc. Ratio,Area,S/N,RR,Accuracy,Custom Calc.,RT,Final Conc.,Calc. Conc.,Surrogate % Recovery,ISTD Conc. Ratio,Area,S/N,RR,Accuracy,Custom Calc.
,!,CS1,TestCal4.d,Cal,L1,8/28/2025 12:51 PM,1.0,,,3.219,0.6311,0.6311,,0.1,736,238.06,0.0238,78.9,,3.217,10.0132,10.0132,100.1,2.0,30960,96250.02,2.2469,100.1,,4.311,0.3095,0.3095,,0.1,460,114.70,0.0260,77.4,,4.307,4.9123,4.9123,98.2,2.0,17729,46889.57,1.3176,98.2,,5.129,0.6620,0.6620,,0.1,631,2212.54,0.0275,82.7,,5.126,9.9049,9.9049,99.0,4.0,22928,139377.62,1.7041,99.0,,4.990,0.1485,0.1485,,0.1,131,177.43,0.0232,74.2,,4.986,2.5565,2.5565,102.3,1.0,5636,30777.50,2.0823,102.3,,5.461,0.0944,0.0944,,0.0,223,317.03,0.0159,47.2,,4.938,2.4841,2.4841,99.4,1.0,14027,39663.95,1.0425,99.4,,4.757,0.4595,0.4595,,0.1,85,383.26,0.1683,57.4,,4.753,4.9375,4.9375,98.8,2.0,503,2436.93,0.1860,98.8,,5.536,0.1570,0.1570,,0.1,108,467.20,0.0296,78.5,,5.419,0.1569,0.1569,,0.1,314,66.66,0.0254,78.4,,5.423,2.4447,2.4447,97.8,1.0,12369,15936.74,0.9193,97.8,,5.583,0.6510,0.6510,,0.1,1600,1241.04,0.0698,81.4,,5.996,0.1396,0.1396,,0.1,77,176.78,0.0211,69.8,,5.991,2.5881,2.5881,103.5,1.0,3649,10887.66,1.3481,103.5,,5.840,0.2506,0.2506,,0.1,341,4.23,0.0375,125.3,,5.844,2.5392,2.5392,101.6,1.0,9087,26696.85,12.9846,101.6,,5.664,0.7788,0.7788,,0.2,55,112.22,0.1733,97.3,,5.660,5.1325,5.1325,102.7,2.1,319,771.63,0.1179,102.7,,6.408,0.1643,0.1643,,0.1,93,165.35,0.0307,82.2,,6.236,0.1806,0.1806,,0.1,139,42.75,0.0571,90.3,,6.232,1.1837,1.1837,94.7,0.9,2440,555.66,0.9193,94.7,,8.486,0.1703,0.1703,,0.1,275,1300.40,0.0250,85.2,,6.803,0.1451,0.1451,,0.1,71,243.11,0.0236,72.5,,8.483,2.4804,2.4804,99.2,1.0,11010,102375.17,3.9190,99.2,,6.798,2.6638,2.6638,106.6,1.1,3017,15725.41,1.0741,106.6,,9.903,0.1556,0.1556,,0.1,124,13.27,0.0407,77.8,,6.620,0.1632,0.1632,,0.1,137,25.23,0.0471,81.6,,9.904,2.3782,2.3782,95.1,1.0,3050,592.99,1.0855,95.1,,6.609,1.1391,1.1391,91.1,0.9,2920,5965.32,1.6964,91.1,,10.263,0.1398,0.1398,,0.1,36,97.41,0.0111,69.9,,6.414,1.0944,1.0944,,0.2,57,225.86,0.2119,136.8,,6.426,4.7134,4.7134,94.3,1.9,268,1091.84,0.0991,94.3,,7.086,0.5862,0.5862,,0.1,2526,508.86,0.1102,73.3,,10.245,2.3785,2.3785,47.6,1.0,3265,654.10,1.1621,95.1,,7.189,0.1296,0.1296,,0.1,73,323.11,0.0243,64.8,,6.984,0.1653,0.1653,,0.1,165,30.22,0.0600,82.6,,6.661,0.2115,0.2115,,0.0,20,81.01,0.0165,105.7,,6.978,1.1948,1.1948,95.6,1.0,2745,6793.10,1.5950,95.6,,6.668,5.1271,5.1271,102.5,2.1,1180,3982.31,0.4201,102.5,,6.849,0.1231,0.1231,,0.0,11,24.30,0.0100,61.5,,6.841,4.9853,4.9853,99.7,2.0,1064,4970.52,0.3788,99.7,,7.550,0.1583,0.1583,,0.1,86,152.71,0.0284,79.1,,7.351,0.1563,0.1563,,0.1,166,24.38,0.0496,78.1,,7.347,1.1737,1.1737,93.9,0.9,3346,3815.63,1.9439,93.9,,9.804,1.2600,1.2600,,0.1,360,286.91,0.0227,63.0,,9.781,24.9909,24.9909,100.0,10.0,15909,12414.29,5.6626,100.0,,10.150,1.3583,1.3583,,0.1,449,82.65,0.0242,67.9,,7.827,0.5787,0.5787,,0.1,1262,4289.95,0.0551,72.3,,10.122,25.3420,25.3420,101.4,10.1,18547,3256.63,6.6017,101.4,,7.718,0.1366,0.1366,,0.1,199,1417.76,0.0331,68.3,,8.057,0.1597,0.1597,,0.1,295,60.77,0.0491,79.8,,8.060,1.1264,1.1264,90.1,0.9,6024,17257.79,3.5000,90.1,
,!,CS2,TestCal5.d,Cal,L2,8/28/2025 1:07 PM,1.0,,,3.211,1.9993,1.9993,,0.2,2328,982.77,0.0753,100.0,,3.208,10.0496,10.0496,100.5,2.0,30918,66049.25,2.2551,100.5,,4.311,0.9536,0.9536,,0.2,1420,378.36,0.0800,95.4,,4.307,5.0486,5.0486,101.0,2.0,17753,100800.97,1.3542,101.0,,5.122,1.9458,1.9458,,0.2,1849,4539.86,0.0810,97.3,,5.126,10.1253,10.1253,101.3,4.1,22836,43880.24,1.7420,101.3,,4.983,0.4813,0.4813,,0.2,424,1086.94,0.0753,96.3,,4.986,2.5399,2.5399,101.6,1.0,5626,1120.90,2.0688,101.6,,5.428,0.0617,0.0617,,0.0,144,38.74,0.0104,12.3,,4.938,2.5135,2.5135,100.5,1.0,13828,55985.49,1.0548,100.5,,4.749,1.7783,1.7783,,0.4,367,3011.34,0.6506,88.9,,4.753,5.5053,5.5053,110.1,2.2,564,3795.86,0.2074,110.1,,5.536,0.5626,0.5626,,0.2,368,3491.12,0.1061,112.5,,5.419,0.5093,0.5093,,0.2,978,626.18,0.0824,101.9,,5.423,2.4097,2.4097,96.4,1.0,11879,6273.65,0.9061,96.4,,5.582,2.0152,2.0152,,0.2,4933,2893.56,0.2160,100.8,,5.988,0.4848,0.4848,,0.2,254,744.63,0.0734,97.0,,5.982,2.4462,2.4462,97.8,1.0,3465,9449.78,1.2742,97.8,,5.840,0.4723,0.4723,,0.2,602,13.91,0.0706,94.5,,5.844,2.4047,2.4047,96.2,1.0,8518,70912.13,12.2969,96.2,,5.672,1.8958,1.8958,,0.4,124,362.07,0.4219,94.8,,5.669,4.7168,4.7168,94.3,1.9,295,1182.41,0.1084,94.3,,6.399,0.4856,0.4856,,0.2,268,566.73,0.0907,97.1,,6.228,0.5043,0.5043,,0.4,379,63.61,0.1596,100.9,,6.232,1.2804,1.2804,102.4,1.0,2374,5905.34,0.9944,102.4,,8.486,0.4999,0.4999,,0.2,869,130.51,0.0734,100.0,,6.803,0.5062,0.5062,,0.2,243,748.29,0.0823,101.2,,8.483,2.6607,2.6607,106.4,1.1,11838,54642.14,4.2039,106.4,,6.798,2.6007,2.6007,104.0,1.0,2953,8199.05,1.0486,104.0,,9.911,0.5040,0.5040,,0.2,537,543.54,0.1317,100.8,,6.612,0.4841,0.4841,,0.4,396,1556.36,0.1397,96.8,,9.904,3.1747,3.1747,127.0,1.3,4080,9503.15,1.4491,127.0,,6.609,1.2324,1.2324,98.6,1.0,2837,8787.10,1.8353,98.6,,10.098,0.4979,0.4979,,0.2,167,633.09,0.0397,99.6,,6.430,2.0972,2.0972,,0.4,104,158.56,0.4059,104.9,,6.426,4.4809,4.4809,89.6,1.8,256,650.90,0.0942,89.6,,7.086,1.8765,1.8765,,0.2,8053,16954.73,0.3526,93.8,,10.245,3.0585,3.0585,61.2,1.2,4208,830.96,1.4943,122.3,,7.180,0.4237,0.4237,,0.2,234,45.58,0.0793,84.7,,6.984,0.4536,0.4536,,0.4,413,269.06,0.1647,90.7,,6.669,0.4730,0.4730,,0.1,41,128.82,0.0370,94.6,,6.978,1.2150,1.2150,97.2,1.0,2508,58616.92,1.6220,97.2,,6.668,4.7603,4.7603,95.2,1.9,1098,2287.78,0.3901,95.2,,6.858,0.5175,0.5175,,0.1,42,125.58,0.0421,103.5,,6.841,4.6294,4.6294,92.6,1.9,990,3878.84,0.3517,92.6,,7.550,0.4695,0.4695,,0.2,249,1296.15,0.0842,93.9,,7.351,0.5136,0.5136,,0.4,481,42.53,0.1629,102.7,,7.347,1.1537,1.1537,92.3,0.9,2954,10324.21,1.9108,92.3,,9.804,4.2034,4.2034,,0.2,1510,348.46,0.0756,84.1,,9.781,31.3323,31.3323,125.3,12.5,19991,19617.15,7.0994,125.3,,10.150,4.4077,4.4077,,0.2,1822,238.49,0.0785,88.2,,7.835,1.8755,1.8755,,0.2,4077,4814.59,0.1785,93.8,,10.122,31.6143,31.6143,126.5,12.6,23191,4092.78,8.2357,126.5,,7.710,0.4800,0.4800,,0.4,666,523.35,0.1162,96.0,,8.065,0.4962,0.4962,,0.4,873,306.07,0.1524,99.2,,8.060,1.1930,1.1930,95.4,1.0,5730,39213.19,3.7067,95.4,
,!,CS3,TestCal6.d,Cal,L3,8/28/2025 1:22 PM,1.0,,,3.228,5.2923,5.2923,,0.5,6189,3693.58,0.1993,105.8,,3.225,9.9494,9.9494,99.5,2.0,31055,80982.51,2.2326,99.5,,4.311,2.5450,2.5450,,0.5,3893,2492.14,0.2135,101.8,,4.307,4.7641,4.7641,95.3,1.9,18230,66377.15,1.2779,95.3,,5.122,5.0810,5.0810,,0.5,5179,19741.93,0.2114,101.6,,5.126,9.9820,9.9820,99.8,4.0,24499,33003.93,1.7173,99.8,,4.983,1.2403,1.2403,,0.5,1156,683.47,0.1940,99.2,,4.986,2.4793,2.4793,99.2,1.0,5959,4231.05,2.0194,99.2,,5.461,0.0854,0.0854,,0.0,215,645.76,0.0144,6.8,,4.938,2.4937,2.4937,99.7,1.0,14930,35768.77,1.0465,99.7,,4.757,4.4976,4.4976,,0.9,925,1802.96,1.6424,90.0,,4.753,5.0652,5.0652,101.3,2.0,563,3444.26,0.1908,101.3,,5.536,1.3515,1.3515,,0.5,988,2758.41,0.2549,108.1,,5.419,1.2748,1.2748,,0.5,2855,1515.89,0.2062,102.0,,5.423,2.5812,2.5812,103.2,1.0,13847,7159.10,0.9706,103.2,,5.582,5.7079,5.7079,,0.6,14990,16513.57,0.6118,114.2,,5.988,1.3458,1.3458,,0.5,790,396.10,0.2038,107.7,,5.991,2.5225,2.5225,100.9,1.0,3877,15906.77,1.3139,100.9,,5.840,1.2905,1.2905,,0.5,2069,72.06,0.1930,103.2,,5.844,2.4073,2.4073,96.3,1.0,10720,31775.57,12.3104,96.3,,5.672,5.3463,5.3463,,1.1,481,1538.28,1.1897,106.9,,5.669,5.9688,5.9688,119.4,2.4,405,1236.97,0.1371,119.4,,6.408,1.3264,1.3264,,0.5,873,3030.75,0.2477,106.1,,6.236,1.3123,1.3123,,1.0,1421,2816.69,0.4158,105.0,,6.232,1.2608,1.2608,100.9,1.0,3416,755.11,0.9792,100.9,,8.486,1.3236,1.3236,,0.5,2504,17137.05,0.1945,105.9,,6.803,1.1951,1.1951,,0.5,685,849.23,0.1944,95.6,,8.483,2.3101,2.3101,92.4,0.9,12875,35627.43,3.6500,92.4,,6.798,2.4791,2.4791,99.2,1.0,3526,13198.04,0.9996,99.2,,9.911,1.3167,1.3167,,0.5,1228,1818.42,0.3442,105.3,,6.612,1.1992,1.1992,,1.0,1593,1188.57,0.3461,95.9,,9.904,2.2165,2.2165,88.7,0.9,3569,6567.32,1.0117,88.7,,6.609,1.3558,1.3558,108.5,1.1,4603,24340.50,2.0191,108.5,,10.255,1.3282,1.3282,,0.5,397,592.22,0.1058,106.3,,6.430,4.8527,4.8527,,1.0,421,89.23,0.9380,97.1,,6.426,7.2397,7.2397,144.8,2.9,449,2609.04,0.1522,144.8,,7.086,5.6798,5.6798,,0.6,26136,133551.50,1.0668,113.6,,10.245,2.1755,2.1755,43.5,0.9,3749,11668.89,1.0629,87.0,,7.180,1.3590,1.3590,,0.5,896,1853.99,0.2540,108.7,,6.984,1.2533,1.2533,,1.0,1991,1367.23,0.4549,100.3,,6.669,1.5017,1.5017,,0.3,169,387.68,0.1175,120.1,,6.986,1.4379,1.4379,115.0,1.2,4376,9343.09,1.9195,115.0,,6.668,4.9848,4.9848,99.7,2.0,1441,7339.54,0.4085,99.7,,6.858,1.2980,1.2980,,0.3,142,247.02,0.1054,103.8,,6.841,5.0340,5.0340,100.7,2.0,1349,10767.19,0.3825,100.7,,7.550,1.2961,1.2961,,0.5,821,4752.70,0.2328,103.7,,7.351,1.3542,1.3542,,1.1,2256,502.05,0.4295,108.3,,7.347,1.3909,1.3909,111.3,1.1,5251,14043.17,2.3036,111.3,,9.804,11.2299,11.2299,,0.4,3525,1139.96,0.2016,89.8,,9.781,21.8765,21.8765,87.5,8.8,17486,11953.36,4.9569,87.5,,10.150,11.3585,11.3585,,0.5,4169,4058.95,0.2022,90.9,,7.827,5.6374,5.6374,,0.6,13168,16179.35,0.5375,112.7,,10.122,22.4408,22.4408,89.8,9.0,20622,23289.61,5.8459,89.8,,7.710,1.3247,1.3247,,1.1,2734,7248.57,0.3201,106.0,,8.065,1.2465,1.2465,,1.0,3267,1007.04,0.3826,99.7,,8.060,1.2056,1.2056,96.5,1.0,8539,22206.89,3.7461,96.5,
,!,CS4,TestCal7.d,Cal,L4,8/28/2025 1:37 PM,1.0,,,3.219,11.0534,11.0534,,1.1,11462,6876.04,0.4163,110.5,,3.217,10.0076,10.0076,100.1,2.0,27535,37601.19,2.2456,100.1,,4.311,5.3706,5.3706,,1.1,7097,2404.53,0.4506,107.4,,4.307,4.9961,4.9961,99.9,2.0,15748,65829.79,1.3401,99.9,,5.122,11.0430,11.0430,,1.1,9396,35556.98,0.4594,110.4,,5.126,10.1162,10.1162,101.2,4.0,20452,23833.95,1.7404,101.2,,4.983,2.6147,2.6147,,1.0,2139,19320.55,0.4090,104.6,,4.986,2.5518,2.5518,102.1,1.0,5231,1057.03,2.0784,102.1,,4.933,2.7421,2.7421,,1.1,5748,1216.95,0.4619,109.7,,4.938,2.5234,2.5234,100.9,1.0,12445,39583.97,1.0590,100.9,,4.757,9.9157,9.9157,,2.0,1568,335.89,3.6071,99.2,,4.753,4.5847,4.5847,91.7,1.8,435,1789.25,0.1727,91.7,,5.536,2.9302,2.9302,,1.2,1763,6383.79,0.5529,117.2,,5.427,2.6781,2.6781,,1.1,4802,1098.91,0.4332,107.1,,5.423,2.5085,2.5085,100.3,1.0,11085,8448.40,0.9433,100.3,,5.582,11.6355,11.6355,,1.2,25509,70225.10,1.2472,116.4,,5.988,2.8282,2.8282,,1.1,1366,7272.60,0.4282,113.1,,5.991,2.4329,2.4329,97.3,1.0,3189,8576.84,1.2672,97.3,,5.849,2.7069,2.7069,,1.1,3240,94.09,0.4049,108.3,,5.844,2.5606,2.5606,102.4,1.0,8003,11579.18,13.0942,102.4,,5.672,11.7637,11.7637,,2.4,755,2562.41,2.6177,117.6,,5.669,4.9872,4.9872,99.7,2.0,288,655.75,0.1146,99.7,,6.399,2.7508,2.7508,,1.1,1383,3234.61,0.5136,110.0,,6.236,2.8174,2.8174,,2.3,2044,3158.66,0.8943,112.7,,6.232,1.2417,1.2417,99.3,1.0,2285,6082.44,0.9644,99.3,,8.486,2.8209,2.8209,,1.1,4387,21047.43,0.4151,112.8,,6.795,2.7376,2.7376,,1.1,1199,1690.35,0.4453,109.5,,8.483,2.4698,2.4698,98.8,1.0,10570,97871.19,3.9023,98.8,,6.798,2.4663,2.4663,98.7,1.0,2693,8066.53,0.9944,98.7,,9.911,2.8124,2.8124,,1.1,2126,1486.03,0.7357,112.5,,6.612,2.8347,2.8347,,2.3,2385,427.79,0.8181,113.4,,9.904,2.3373,2.3373,93.5,0.9,2890,2941.06,1.0669,93.5,,6.609,1.3234,1.3234,105.9,1.1,2916,5206.63,1.9709,105.9,,10.098,1.6629,1.6629,,0.7,418,1885.07,0.1325,66.5,,6.430,11.4025,11.4025,,2.3,519,2157.53,2.1973,114.0,,6.426,4.4640,4.4640,89.3,1.8,236,1513.21,0.0939,89.3,,7.086,11.1928,11.1928,,1.1,42962,28574.82,2.1006,111.9,,10.245,2.3803,2.3803,47.6,1.0,3150,15819.44,1.1630,95.2,,7.180,3.0263,3.0263,,1.2,1521,5066.22,0.5648,121.1,,6.984,2.7906,2.7906,,2.2,2676,902.24,1.0129,111.6,,6.669,2.8616,2.8616,,0.6,242,1024.18,0.2237,114.5,,6.986,1.3379,1.3379,107.0,1.1,2642,13161.51,1.7861,107.0,,6.668,4.8654,4.8654,97.3,1.9,1080,2817.58,0.3987,97.3,,6.858,2.2832,2.2832,,0.5,193,354.69,0.1852,91.3,,6.841,5.0612,5.0612,101.2,2.0,1042,227.50,0.3846,101.2,,7.550,2.8456,2.8456,,1.1,1379,3711.32,0.5121,113.8,,7.351,2.6669,2.6669,,2.1,2839,408.16,0.8457,106.7,,7.347,1.3703,1.3703,109.6,1.1,3357,9636.31,2.2694,109.6,,9.804,23.9422,23.9422,,1.0,6378,4370.87,0.4288,95.8,,9.781,24.2356,24.2356,96.9,9.7,14874,14619.37,5.4914,96.9,,10.150,24.4881,24.4881,,1.0,7465,3030.99,0.4349,98.0,,7.827,11.7184,11.7184,,1.2,22913,143610.03,1.1203,117.2,,10.122,24.3296,24.3296,97.3,9.7,17167,7618.83,6.3380,97.3,,7.710,2.6613,2.6613,,2.1,3982,3311.85,0.6415,106.5,,8.065,2.7553,2.7553,,2.2,5242,2649.40,0.8445,110.2,,8.060,1.3505,1.3505,108.0,1.1,6207,1261.76,4.1962,108.0,
,!,CS5,TestCal8.d,Cal,L5,8/28/2025 1:52 PM,1.0,,,3.219,23.1716,23.1716,,2.3,26938,9680.37,0.8726,115.9,,3.217,9.9582,9.9582,99.6,2.0,30870,27137.24,2.2346,99.6,,4.311,11.1928,11.1928,,2.2,16833,8133.79,0.9392,111.9,,4.307,4.9810,4.9810,99.6,2.0,17923,38145.41,1.3361,99.6,,5.122,23.2266,23.2266,,2.3,22533,14800.03,0.9661,116.1,,5.126,10.1063,10.1063,101.1,4.0,23324,4973.90,1.7387,101.1,,4.983,5.5372,5.5372,,2.2,4987,16710.07,0.8659,110.7,,4.979,2.4985,2.4985,99.9,1.0,5759,20455.71,2.0350,99.9,,4.933,5.7870,5.7870,,2.3,13752,5548.10,0.9748,115.7,,4.930,2.5058,2.5058,100.2,1.0,14107,63953.60,1.0516,100.2,,4.757,20.2211,20.2211,,4.0,3778,64662.84,7.3023,101.1,,4.753,4.8529,4.8529,97.1,1.9,517,4807.60,0.1828,97.1,,5.536,5.7954,5.7954,,2.3,3965,11861.24,1.0943,115.9,,5.419,5.7232,5.7232,,2.3,11159,3813.64,0.9257,114.5,,5.423,2.3898,2.3898,95.6,1.0,12055,2644.29,0.8987,95.6,,5.583,23.3459,23.3459,,2.3,58369,108547.06,2.5025,116.7,,5.988,5.7022,5.7022,,2.3,3128,3874.57,0.8633,114.0,,5.991,2.4583,2.4583,98.3,1.0,3624,20419.49,1.2805,98.3,,5.840,5.7775,5.7775,,2.3,7464,274.25,0.8642,115.6,,5.844,2.5472,2.5472,101.9,1.0,8637,6620.57,13.0257,101.9,,5.672,21.9859,21.9859,,4.4,1447,3664.88,4.8925,109.9,,5.669,4.5495,4.5495,91.0,1.8,296,547.88,0.1045,91.0,,6.399,5.8992,5.8992,,2.4,3291,13462.50,1.1014,118.0,,6.228,5.9579,5.9579,,4.8,4847,1718.07,1.8980,119.2,,6.232,1.2657,1.2657,101.3,1.0,2554,3878.76,0.9830,101.3,,8.486,5.9373,5.9373,,2.4,10577,48728.43,0.8760,118.7,,6.795,5.4893,5.4893,,2.2,2668,4403.21,0.8929,109.8,,8.483,2.4836,2.4836,99.3,1.0,12074,93981.04,3.9241,99.3,,6.798,2.4084,2.4084,96.3,1.0,2988,609.00,0.9711,96.3,,9.911,5.5290,5.5290,,2.2,4797,8114.78,1.4483,110.6,,6.612,5.8930,5.8930,,4.7,5083,3232.11,1.7007,117.9,,9.904,2.3581,2.3581,94.3,0.9,3312,2146.63,1.0764,94.3,,6.609,1.2054,1.2054,96.4,1.0,2989,8624.28,1.7952,96.4,,10.098,5.4692,5.4692,,2.2,1577,158.84,0.4368,109.4,,6.430,19.2782,19.2782,,3.9,1094,4238.35,3.7014,96.4,,6.426,4.9678,4.9678,99.4,2.0,296,1017.39,0.1045,99.4,,7.086,22.7318,22.7318,,2.3,99339,149097.30,4.2590,113.7,,10.245,2.4020,2.4020,48.0,1.0,3611,9760.76,1.1736,96.1,,7.180,5.7854,5.7854,,2.3,3218,20611.93,1.0771,115.7,,6.984,5.8123,5.8123,,4.6,5699,7965.17,2.1097,116.2,,6.678,6.1628,6.1628,,1.2,570,1603.96,0.4813,123.3,,6.986,1.2155,1.2155,97.2,1.0,2701,4555.22,1.6226,97.2,,6.668,4.6985,4.6985,94.0,1.9,1185,6121.13,0.3850,94.0,,6.841,5.4200,5.4200,,1.1,548,103.24,0.4383,108.4,,6.841,5.3455,5.3455,106.9,2.1,1250,2838.19,0.4062,106.9,,7.550,6.0116,6.0116,,2.4,3245,10131.27,1.0860,120.2,,7.351,5.8497,5.8497,,4.7,6146,718.17,1.8540,117.0,,7.347,1.2023,1.2023,96.2,1.0,3315,13147.75,1.9913,96.2,,9.796,51.0202,51.0202,,2.0,15328,3252.29,0.9093,102.0,,9.773,24.1775,24.1775,96.7,9.7,16856,17825.51,5.4783,96.7,,10.150,50.6709,50.6709,,2.0,17713,2349.32,0.8957,101.3,,7.827,23.0507,23.0507,,2.3,51659,10182.98,2.2148,115.3,,10.122,24.6718,24.6718,98.7,9.9,19776,2729.64,6.4271,98.7,,7.710,5.7401,5.7401,,4.6,8956,5340.28,1.3757,114.8,,8.057,5.8490,5.8490,,4.7,11639,16221.48,1.7879,117.0,,8.060,1.2585,1.2585,100.7,1.0,6510,7071.05,3.9103,100.7,
,!,CS6,TestCal9.d,Cal,L6,8/28/2025 2:08 PM,1.0,,,3.219,49.7628,49.7628,,5.0,60169,39694.70,1.8740,99.5,,3.217,10.0195,10.0195,100.2,2.0,32107,85777.41,2.2483,100.2,,4.311,24.0058,24.0058,,4.8,37670,8443.62,2.0143,96.0,,4.307,5.0744,5.0744,101.5,2.0,18701,58982.43,1.3611,101.5,,5.122,48.2597,48.2597,,4.8,47630,418921.97,2.0066,96.5,,5.118,10.0416,10.0416,100.4,4.0,23736,44640.15,1.7276,100.4,,4.983,12.2281,12.2281,,4.9,11602,2329.98,1.9108,97.8,,4.979,2.5149,2.5149,100.6,1.0,6072,139896.35,2.0484,100.6,,4.933,12.2549,12.2549,,4.9,29942,12569.19,2.0643,98.0,,4.930,2.5155,2.5155,100.6,1.0,14504,26490.76,1.0557,100.6,,4.749,41.7400,41.7400,,8.3,8472,6058.26,14.8416,83.5,,4.753,5.1117,5.1117,102.2,2.0,571,2546.19,0.1926,102.2,,5.536,12.3826,12.3826,,5.0,9238,36984.34,2.3413,99.1,,5.419,12.0921,12.0921,,4.8,24804,8403.65,1.9558,96.7,,5.423,2.4547,2.4547,98.2,1.0,12682,10152.34,0.9231,98.2,,5.583,49.6039,49.6039,,5.0,126208,429655.87,5.3171,99.2,,5.988,11.4753,11.4753,,4.6,6855,1214.55,1.7373,91.8,,5.991,2.5555,2.5555,102.2,1.0,3946,838.57,1.3311,102.2,,5.840,12.2511,12.2511,,4.9,16343,397.68,1.8326,98.0,,5.844,2.5713,2.5713,102.9,1.0,8918,37123.82,13.1488,102.9,,5.664,48.8228,48.8228,,9.8,3383,9048.73,10.8644,97.6,,5.669,4.5725,4.5725,91.4,1.8,311,1123.21,0.1051,91.4,,6.399,11.8799,11.8799,,4.8,7072,22506.01,2.2180,95.0,,6.228,12.4182,12.4182,,9.9,10187,2318.83,3.9858,99.3,,6.232,1.2767,1.2767,102.1,1.0,2556,5322.26,0.9916,102.1,,8.486,12.4160,12.4160,,5.0,23382,15345.00,1.8421,99.3,,6.803,11.3794,11.3794,,4.6,5902,10812.43,1.8510,91.0,,8.483,2.6770,2.6770,107.1,1.1,12693,64521.17,4.2297,107.1,,6.798,2.6352,2.6352,105.4,1.1,3188,28828.42,1.0625,105.4,,9.911,12.4183,12.4183,,5.0,11760,8981.35,3.2640,99.3,,6.612,12.3141,12.3141,,9.9,10828,20792.00,3.5538,98.5,,9.904,2.6303,2.6303,105.2,1.1,3603,729.12,1.2006,105.2,,6.609,1.2324,1.2324,98.6,1.0,3047,12030.74,1.8354,98.6,,10.098,12.6907,12.6907,,5.1,3958,1519.76,1.0170,101.5,,6.430,43.3514,43.3514,,8.7,2417,7039.61,8.2296,86.7,,6.426,4.7127,4.7127,94.3,1.9,294,601.52,0.0991,94.3,,7.086,48.3698,48.3698,,4.8,214311,450459.33,9.0289,96.7,,10.245,2.6544,2.6544,53.1,1.1,3892,6050.88,1.2969,106.2,,7.180,12.3632,12.3632,,4.9,7297,9078.19,2.2885,98.9,,6.984,12.2321,12.2321,,9.8,11780,18034.62,4.4399,97.9,,6.669,12.3826,12.3826,,2.5,1304,1950.47,0.9648,99.1,,6.978,1.1973,1.1973,95.8,1.0,2653,9968.65,1.5983,95.8,,6.668,5.4952,5.4952,109.9,2.2,1351,3040.06,0.4503,109.9,,6.849,12.5478,12.5478,,2.5,1183,223.97,1.0073,100.4,,6.841,5.1489,5.1489,103.0,2.1,1174,1731.75,0.3912,103.0,,7.550,12.4157,12.4157,,5.0,7206,37052.18,2.2602,99.3,,7.343,12.0554,12.0554,,9.6,13199,1655.19,3.8168,96.4,,7.347,1.2578,1.2578,100.6,1.0,3458,9877.77,2.0831,100.6,,9.796,107.0026,107.0026,,4.3,33941,5573.34,1.8876,85.6,,9.773,26.4442,26.4442,105.8,10.6,17981,16914.51,5.9919,105.8,,10.150,111.6760,111.6760,,4.5,39630,3061.64,1.9529,89.3,,7.827,49.5363,49.5363,,5.0,114296,178771.91,4.8153,99.1,,10.122,25.9589,25.9589,103.8,10.4,20293,4397.84,6.7624,103.8,,7.702,12.1031,12.1031,,9.7,18914,63167.51,2.8663,96.8,,8.057,12.4391,12.4391,,10.0,24945,11251.96,3.7804,99.5,,8.060,1.2793,1.2793,102.3,1.0,6599,27689.63,3.9748,102.3,
,!,CS7,TestCal10.d,Cal,L7,8/28/2025 2:23 PM,1.0,,,3.228,260.8934,260.8934,,26.1,253079,98861.03,9.8250,104.4,,3.225,10.0024,10.0024,100.0,2.0,25759,51057.65,2.2445,100.0,,4.311,125.1838,125.1838,,25.0,171016,80417.89,10.5041,100.1,,4.307,5.2234,5.2234,104.5,2.1,16281,24676.73,1.4011,104.5,,5.122,250.0475,250.0475,,25.0,201588,556226.42,10.3700,100.0,,5.126,9.7238,9.7238,97.2,3.9,19440,34688.93,1.6729,97.2,,4.983,62.5073,62.5073,,25.0,54792,170560.68,9.7160,100.0,,4.986,2.3592,2.3592,94.4,0.9,5639,32171.31,1.9216,94.4,,4.933,64.4253,64.4253,,25.8,130403,44534.23,10.8524,103.1,,4.938,2.4640,2.4640,98.6,1.0,12016,34560.49,1.0341,98.6,,4.757,249.9984,249.9984,,50.0,41241,15095.39,75.4659,100.0,,4.753,4.9425,4.9425,98.8,2.0,546,1535.98,0.1862,98.8,,5.536,62.5039,62.5039,,25.0,45585,9338.51,11.9442,100.0,,5.419,62.5740,62.5740,,25.0,119911,24358.78,10.1209,100.1,,5.423,2.7114,2.7114,108.5,1.1,11848,7085.16,1.0196,108.5,,5.582,250.0401,250.0401,,25.0,521021,700012.41,26.8021,100.0,,5.988,62.6902,62.6902,,25.1,36222,8743.32,9.4910,100.3,,5.991,2.4966,2.4966,99.9,1.0,3816,18231.49,1.3004,99.9,,5.840,62.5407,62.5407,,25.0,83931,1046.14,9.3552,100.1,,5.844,2.4698,2.4698,98.8,1.0,8972,27706.64,12.6299,98.8,,5.664,213.7649,213.7649,,42.8,16270,3730.18,47.5684,85.5,,5.669,5.0726,5.0726,101.5,2.0,342,1621.37,0.1165,101.5,,6.399,62.6127,62.6127,,25.0,34277,73836.72,11.6901,100.2,,6.228,62.5025,62.5025,,50.0,51886,10232.24,21.2194,100.0,,6.232,1.2410,1.2410,99.3,1.0,2445,2148.61,0.9638,99.3,,8.486,62.5026,62.5026,,25.0,119642,1376130.41,9.6724,100.0,,6.803,62.7158,62.7158,,25.1,29911,4013.52,10.2013,100.3,,8.483,2.4184,2.4184,96.7,1.0,12369,92969.39,3.8210,96.7,,6.798,2.2464,2.2464,89.9,0.9,2932,2191.79,0.9058,89.9,,9.911,62.5026,62.5026,,25.0,59822,342694.12,16.8347,100.0,,6.612,62.5251,62.5251,,50.0,53868,11192.82,18.0442,100.0,,9.904,2.4049,2.4049,96.2,1.0,3554,12387.70,1.0977,96.2,,6.609,1.2614,1.2614,100.9,1.0,2985,8285.57,1.8786,100.9,,10.098,62.4940,62.4940,,25.0,19888,30953.84,5.1304,100.0,,6.430,250.0031,250.0031,,50.0,11682,9260.41,42.8175,100.0,,6.426,4.4215,4.4215,88.4,1.8,273,2507.66,0.0930,88.4,,7.086,250.0482,250.0482,,25.0,880739,1725982.31,45.3066,100.0,,10.245,2.4509,2.4509,49.0,1.0,3876,4954.61,1.1975,98.0,,7.180,62.5050,62.5050,,25.0,32417,11387.31,11.0559,100.0,,6.984,62.5424,62.5424,,50.0,55456,50847.11,22.7013,100.1,,6.669,62.5042,62.5042,,12.5,6428,16373.25,4.7810,100.0,,6.978,1.1515,1.1515,92.1,0.9,2443,7818.89,1.5372,92.1,,6.668,5.0688,5.0688,101.4,2.0,1345,1895.04,0.4154,101.4,,6.849,62.4982,62.4982,,12.5,5617,13342.00,4.7620,100.0,,6.849,4.7957,4.7957,95.9,1.9,1180,3269.61,0.3644,95.9,,7.550,62.5025,62.5025,,25.0,35363,33919.69,12.0607,100.0,,7.351,62.5122,62.5122,,50.0,62025,6351.33,19.6200,100.0,,7.347,1.2012,1.2012,96.1,1.0,3161,7076.08,1.9893,96.1,,9.796,624.9946,624.9946,,25.0,160516,5305.40,9.9729,100.0,,9.773,21.9430,21.9430,87.8,8.8,16095,12400.62,4.9720,87.8,,10.150,624.9963,624.9963,,25.0,172863,5022.55,9.9301,100.0,,7.827,250.0134,250.0134,,25.0,513775,191188.99,26.4294,100.0,,10.122,20.6426,20.6426,82.6,8.3,17408,5425.55,5.3775,82.6,,7.710,62.5133,62.5133,,50.0,88423,16862.69,13.3972,100.0,,8.065,62.5022,62.5022,,50.0,119849,9733.96,18.1586,100.0,,8.060,1.3367,1.3367,106.9,1.1,6600,32926.88,4.1532,106.9,
!,!,Blank,TestSoil3.d,Sample,,9/10/2025 3:29 PM,1.0,,,3.286,0.0282,0.0282,,0.0,34,13.06,0.0011,,,3.291,10.0244,10.0244,100.2,2.0,32305,60810.28,2.2494,,,4.328,0.0312,0.0312,,0.0,51,37.23,0.0026,,,4.324,4.8550,4.8550,97.1,1.9,19313,41840.87,1.3023,,,5.146,0.0024,0.0024,,0.0,2,9.15,0.0001,,,5.142,9.2821,9.2821,92.8,3.7,23683,67834.70,1.5969,,,5.007,0.0068,0.0068,,0.0,6,31.36,0.0011,,,5.003,2.2972,2.2972,91.9,0.9,5636,14344.85,1.8711,,,5.477,0.2177,0.2177,,0.1,581,179.31,0.0367,,,4.954,2.5459,2.5459,101.8,1.0,15846,157857.08,1.0684,,,4.947,0.0038,0.0038,,0.0,1,33.90,0.0014,,,4.778,5.3659,5.3659,107.3,2.1,609,592.13,0.2022,,,5.478,0.0002,0.0002,,0.0,0,31.08,0.0000,,,5.444,0.0079,0.0079,,0.0,18,34.95,0.0013,,,5.440,2.5537,2.5537,102.1,1.0,14242,12014.56,0.9603,,,5.582,0.0033,0.0033,,0.0,8,14.74,0.0004,,,6.004,0.0303,0.0303,,0.0,18,94.68,0.0046,,,5.999,2.5317,2.5317,101.3,1.0,3972,17118.71,1.3187,,,5.857,0.0562,0.0562,,0.0,95,12.34,0.0084,,,5.852,2.4264,2.4264,97.1,1.0,11262,29566.31,12.4080,,,5.779,0.0039,0.0039,,0.0,0,2.99,0.0009,,,5.685,6.5941,6.5941,131.9,2.6,456,1053.62,0.1515,,,6.449,0.0021,0.0021,,0.0,1,3.72,0.0004,,,6.244,0.0021,0.0021,,0.0,2,7.06,0.0007,,,6.240,1.2215,1.2215,97.7,1.0,3525,10980.48,0.9487,,,8.511,0.0101,0.0101,,0.0,16,149.84,0.0015,,,6.877,0.0060,0.0060,,0.0,3,10.22,0.0010,,,8.508,2.0996,2.0996,84.0,0.8,11128,48952.58,3.3174,,,6.806,2.5351,2.5351,101.4,1.0,3429,8570.56,1.0221,,,10.002,0.0012,0.0012,,0.0,1,6.94,0.0003,,,6.596,0.0028,0.0028,,0.0,4,55.63,0.0008,,,9.946,1.9109,1.9109,76.4,0.8,2926,860.55,0.8722,,,6.625,1.2912,1.2912,103.3,1.0,4559,10996.27,1.9229,,,10.231,0.0014,0.0014,,0.0,0,2.53,0.0001,,,6.504,0.0300,0.0300,,0.0,3,42.42,0.0058,,,6.443,7.0539,7.0539,141.1,2.8,447,1207.69,0.1483,,,7.086,0.0005,0.0005,,0.0,2,12.53,0.0001,,,10.287,1.8669,1.8669,37.3,0.7,3060,2655.73,0.9122,,,7.041,0.0004,0.0004,,0.0,0,5.50,0.0001,,,7.017,0.0030,0.0030,,0.0,5,19.60,0.0011,,,6.555,0.0021,0.0021,,0.0,0,0.95,0.0002,,,6.994,1.3517,1.3517,108.1,1.1,4278,17001.71,1.8044,,,6.676,5.0180,5.0180,100.4,2.0,1379,2329.67,0.4112,,,6.833,0.0176,0.0176,,0.0,2,24.41,0.0014,,,6.849,5.5813,5.5813,111.6,2.2,1422,4316.68,0.4241,,,7.401,0.0003,0.0003,,0.0,0,2.03,0.0001,,,7.417,0.0029,0.0029,,0.0,5,2.45,0.0009,,,7.363,1.2724,1.2724,101.8,1.0,4996,13725.11,2.1073,,,9.837,0.0111,0.0111,,0.0,4,6.77,0.0002,,,9.815,26.9950,26.9950,108.0,10.8,20518,10684.78,6.1167,,,10.299,0.0032,0.0032,,0.0,1,1.98,0.0001,,,7.935,0.0003,0.0003,,0.0,1,10.98,0.0000,,,10.164,29.0731,29.0731,116.3,11.6,25405,4542.98,7.5737,,,7.751,0.0002,0.0002,,0.0,0,3.19,0.0001,,,8.073,0.0028,0.0028,,0.0,6,7.26,0.0008,,,8.069,0.9712,0.9712,77.7,0.8,7154,11310.45,3.0178,,
,!,CS5,TestSoil4.d,QC,L5,9/10/2025 3:44 PM,1.0,,,3.294,22.0278,22.0278,,2.2,27655,16476.89,0.8296,110.1,,3.291,19.8539,19.8539,198.5,2.0,33337,57569.52,2.2275,198.5,,4.328,10.4295,10.4295,,2.1,17165,4828.53,0.8751,104.3,,4.324,10.6455,10.6455,212.9,2.1,19614,16683.01,1.4277,212.9,,5.129,21.8478,21.8478,,2.2,19787,68872.09,0.9087,109.2,,5.134,18.4248,18.4248,184.2,3.7,21774,27232.66,1.5849,184.2,,4.990,5.4288,5.4288,,2.2,4683,24361.18,0.8489,108.6,,4.995,5.0591,5.0591,202.4,1.0,5516,33903.76,2.0603,202.4,,4.950,5.3562,5.3562,,2.1,13167,4549.06,0.9023,107.1,,4.946,5.0624,5.0624,202.5,1.0,14593,37738.53,1.0623,202.5,,4.765,18.9711,18.9711,,3.8,3688,21936.86,6.8570,94.9,,4.769,10.6640,10.6640,213.3,2.1,538,1568.65,0.2009,213.3,,5.536,5.5172,5.5172,,2.2,3615,12207.87,1.0417,110.3,,5.427,5.2710,5.2710,,2.1,10071,1870.46,0.8525,105.4,,5.431,4.5732,4.5732,182.9,0.9,11813,9416.03,0.8599,182.9,,5.582,22.5298,22.5298,,2.3,52583,11422.30,2.4150,112.6,,5.988,5.0866,5.0866,,2.0,2673,12985.34,0.7701,101.7,,5.991,4.9771,4.9771,199.1,1.0,3470,18743.07,1.2962,199.1,,5.849,5.3146,5.3146,,2.1,6795,142.23,0.7950,106.3,,5.844,2.6046,2.6046,104.2,1.0,8548,59678.58,13.3194,104.2,,5.672,19.0600,19.0600,,3.8,1408,2961.17,4.2414,95.3,,5.677,10.7939,10.7939,215.9,2.2,332,498.37,0.1240,215.9,,6.408,5.4284,5.4284,,2.2,2950,5391.21,1.0135,108.6,,6.236,5.9316,5.9316,,4.7,4466,775.61,1.8896,118.6,,6.232,1.1438,1.1438,91.5,0.9,2363,3396.36,0.8884,91.5,,8.502,5.3593,5.3593,,2.1,8998,22591.63,0.7903,107.2,,6.803,5.2209,5.2209,,2.1,2472,15364.14,0.8492,104.4,,8.500,4.8288,4.8288,193.2,1.0,11385,42414.89,3.8147,193.2,,6.798,4.8378,4.8378,193.5,1.0,2911,4788.89,0.9753,193.5,,9.936,5.3473,5.3473,,2.1,4288,13552.75,1.4005,106.9,,6.612,5.1320,5.1320,,4.1,4752,8071.81,1.4811,102.6,,9.937,4.4945,4.4945,179.8,0.9,3061,8947.35,1.0257,179.8,,6.617,1.3556,1.3556,108.5,1.1,3209,9105.27,2.0189,108.5,,10.288,2.1474,2.1474,,0.9,565,108.19,0.1712,42.9,,6.430,22.7526,22.7526,,4.6,1086,2245.49,4.3613,113.8,,6.435,8.8436,8.8436,176.9,1.8,249,764.72,0.0930,176.9,,7.086,22.4032,22.4032,,2.2,91398,201554.15,4.1976,112.0,,10.278,4.5267,4.5267,90.5,0.9,3300,3496.82,1.1058,181.1,,7.180,5.5897,5.5897,,2.2,3030,4585.82,1.0409,111.8,,6.984,5.1501,5.1501,,4.1,5248,6198.08,1.8693,103.0,,6.678,5.7278,5.7278,,1.1,506,870.86,0.4473,114.6,,6.986,1.3233,1.3233,105.9,1.1,2807,8670.03,1.7665,105.9,,6.668,9.2523,9.2523,185.0,1.9,1131,1851.74,0.3791,185.0,,6.849,5.9899,5.9899,,1.2,490,1492.66,0.4841,119.8,,6.849,8.9294,8.9294,178.6,1.8,1012,220.43,0.3392,178.6,,7.550,5.8016,5.8016,,2.3,3050,11427.05,1.0478,116.0,,7.351,5.1905,5.1905,,4.2,6047,1496.89,1.6453,103.8,,7.355,1.3963,1.3963,111.7,1.1,3675,4964.51,2.3125,111.7,,9.829,47.7284,47.7284,,1.9,13971,4039.60,0.8512,95.5,,9.806,48.5442,48.5442,194.2,9.7,16414,13195.04,5.4997,194.2,,10.183,47.8528,47.8528,,1.9,16401,4778.65,0.8463,95.7,,7.835,23.0005,23.0005,,2.3,48118,193487.80,2.2099,115.0,,10.155,49.8512,49.8512,199.4,10.0,19379,3818.32,6.4933,199.4,,7.710,4.6863,4.6863,,3.7,7664,5791.36,1.1254,93.7,,8.065,5.2967,5.2967,,4.2,11031,6469.32,1.6198,105.9,,8.069,1.3790,1.3790,110.3,1.1,6810,48206.33,4.2847,110.3,
!,!,Blank,TestSoil5.d,Sample,,9/10/2025 3:59 PM,1.0,,,3.344,0.7795,0.7795,,0.1,24,6.20,0.0294,,,3.341,10.0989,10.0989,101.0,2.0,815,953.15,2.2661,,,4.320,1.1037,1.1037,,0.2,38,13.45,0.0926,,,4.324,5.6596,5.6596,113.2,2.3,415,776.19,1.5181,,,5.138,0.2468,0.2468,,0.0,5,48.16,0.0103,,,5.134,10.7322,10.7322,107.3,4.3,505,2831.08,1.8464,,,5.056,0.0012,0.0012,,0.0,0,,0.0002,,,4.995,2.9040,2.9040,116.2,1.2,128,130.07,2.3653,,,5.444,10.2162,10.2162,,4.1,566,116.21,1.7209,,,4.946,2.8680,2.8680,114.7,1.1,329,2655.47,1.2036,,,5.112,0.0203,0.0203,,0.0,0,1.28,0.0074,,,4.769,6.2456,6.2456,124.9,2.5,13,73.11,0.2353,,,5.454,0.0145,0.0145,,0.0,0,5.48,0.0027,,,5.444,0.1519,0.1519,,0.1,7,9.91,0.0246,,,5.415,2.5838,2.5838,103.4,1.0,266,471.79,0.9716,,,5.582,0.1117,0.1117,,0.0,6,37.31,0.0120,,,5.971,0.1132,0.1132,,0.0,1,13.72,0.0171,,,5.982,2.6603,2.6603,106.4,1.1,75,166.57,1.3857,,,6.087,1.7033,1.7033,,0.7,46,2.12,0.2548,,,5.844,2.4063,2.4063,96.3,1.0,182,352.70,12.3054,,,5.920,0.4058,0.4058,,0.1,1,2.47,0.0903,,,5.677,5.1051,5.1051,102.1,2.0,6,32.14,0.1173,,,6.441,0.0638,0.0638,,0.0,1,3.12,0.0119,,,6.236,0.3714,0.3714,,0.3,6,22.46,0.1175,,,6.232,1.2291,1.2291,98.3,1.0,48,132.45,0.9545,,,8.519,0.0176,0.0176,,0.0,1,10.15,0.0026,,,6.959,0.0154,0.0154,,0.0,0,1.08,0.0025,,,8.500,2.8864,2.8864,115.5,1.2,257,1228.29,4.5606,,,6.798,3.1001,3.1001,124.0,1.2,70,115.52,1.2500,,,9.944,0.0396,0.0396,,0.0,1,6.41,0.0103,,,6.629,0.1165,0.1165,,0.1,2,10.09,0.0336,,,9.937,2.9912,2.9912,119.6,1.2,77,981.35,1.3653,,,6.609,1.4650,1.4650,117.2,1.2,73,125.82,2.1817,,,10.214,0.0179,0.0179,,0.0,0,2.03,0.0014,,,6.438,0.6154,0.6154,,0.1,1,8.95,0.1192,,,6.435,6.4723,6.4723,129.4,2.6,7,26.55,0.1361,,,7.069,0.0052,0.0052,,0.0,0,6.09,0.0010,,,10.270,2.7099,2.7099,54.2,1.1,75,16.18,1.3240,,,7.065,0.0512,0.0512,,0.0,1,11.50,0.0096,,,7.000,0.0825,0.0825,,0.1,2,15.80,0.0299,,,6.809,0.4883,0.4883,,0.1,1,12.73,0.0382,,,6.978,1.5212,1.5212,121.7,1.2,68,255.01,2.0307,,,6.676,5.6232,5.6232,112.5,2.2,26,68.63,0.4608,,,6.833,1.4092,1.4092,,0.3,3,47.40,0.1144,,,6.841,6.5099,6.5099,130.2,2.6,28,5.30,0.4946,,,7.467,0.0053,0.0053,,0.0,0,1.86,0.0010,,,7.581,0.3091,0.3091,,0.2,7,3.45,0.0980,,,7.355,1.3636,1.3636,109.1,1.1,75,272.30,2.2583,,,9.829,0.1644,0.1644,,0.0,1,3.96,0.0030,,,9.798,30.2372,30.2372,120.9,12.1,386,204.97,6.8513,,,10.191,0.2850,0.2850,,0.0,2,2.58,0.0051,,,7.926,0.0065,0.0065,,0.0,0,4.55,0.0006,,,10.147,31.5073,31.5073,126.0,12.6,463,90.60,8.2078,,,7.751,0.0350,0.0350,,0.0,1,5.57,0.0085,,,8.090,0.0398,0.0398,,0.0,2,2.37,0.0122,,,8.060,1.4708,1.4708,117.7,1.2,153,1253.96,4.5700,,
!,!,Sand500,TestSoil6.d,Sample,,9/10/2025 4:15 PM,1.0,,,3.286,0.0282,0.0282,,0.0,32,23.77,0.0011,,,3.283,18.4073,18.4073,184.1,3.7,29746,37121.58,4.1305,,,4.311,0.0318,0.0318,,0.0,48,111.14,0.0027,,,4.316,10.1250,10.1250,202.5,4.0,18011,94586.79,2.7158,,,5.237,0.0030,0.0030,,0.0,2,8.40,0.0001,,,5.126,17.5632,17.5632,175.6,7.0,20039,65791.85,3.0216,,,5.098,0.0006,0.0006,,0.0,0,3.68,0.0001,,,4.986,4.6524,4.6524,186.1,1.9,4951,18796.88,3.7894,,,5.469,0.2257,0.2257,,0.1,514,470.12,0.0380,,,4.938,4.8528,4.8528,194.1,1.9,13506,23188.65,2.0366,,,5.104,0.0019,0.0019,,0.0,0,6.95,0.0007,,,4.753,10.6865,10.6865,213.7,4.3,526,2858.06,0.4026,,,5.396,0.0026,0.0026,,0.0,2,73.96,0.0005,,,5.378,0.0072,0.0072,,0.0,13,6.72,0.0012,,,5.423,4.3403,4.3403,173.6,1.7,10824,6850.90,1.6321,,,5.615,0.0010,0.0010,,0.0,2,43.92,0.0001,,,6.013,0.0098,0.0098,,0.0,5,30.68,0.0015,,,5.982,4.8560,4.8560,194.2,1.9,3305,3147.06,2.5294,,,5.807,0.0590,0.0590,,0.0,77,15.90,0.0088,,,5.836,4.5172,4.5172,180.7,1.8,8709,27419.07,23.0998,,,5.672,0.0745,0.0745,,0.0,5,17.48,0.0166,,,5.669,9.0920,9.0920,181.8,3.6,273,903.24,0.2089,,,6.432,0.0032,0.0032,,0.0,2,18.71,0.0006,,,6.400,0.0034,0.0034,,0.0,3,1.85,0.0011,,,6.224,2.2530,2.2530,180.2,1.8,2594,6284.42,1.7498,,,8.494,0.0097,0.0097,,0.0,15,128.11,0.0014,,,7.148,0.0034,0.0034,,0.0,2,15.92,0.0006,,,8.492,4.1350,4.1350,165.4,1.7,10691,54068.51,6.5333,,,6.790,4.5417,4.5417,181.7,1.8,2997,9929.76,1.8312,,,9.894,0.0004,0.0004,,0.0,0,12.18,0.0001,,,6.588,0.0062,0.0062,,0.0,7,27.51,0.0018,,,9.929,3.6481,3.6481,145.9,1.5,2725,543.28,1.6652,,,6.609,2.5689,2.5689,205.5,2.1,3662,14423.75,3.8258,,,10.040,0.0010,0.0010,,0.0,0,2.51,0.0001,,,6.512,0.0006,0.0006,,0.0,0,0.71,0.0001,,,6.426,10.3444,10.3444,206.9,4.1,284,825.07,0.2175,,,7.004,0.0004,0.0004,,0.0,2,24.73,0.0001,,,10.270,3.5241,3.5241,70.5,1.4,2818,12850.25,1.7218,,,7.024,0.0003,0.0003,,0.0,0,2.65,0.0001,,,7.083,0.0016,0.0016,,0.0,2,8.22,0.0006,,,6.719,0.0075,0.0075,,0.0,1,1.77,0.0006,,,6.978,2.9296,2.9296,234.4,2.3,3744,10287.77,3.9109,,,6.660,9.4032,9.4032,188.1,3.8,1261,6332.32,0.7705,,,6.636,0.0476,0.0476,,0.0,4,10.92,0.0039,,,6.841,9.2923,9.2923,185.8,3.7,1155,2521.57,0.7060,,,7.451,0.0003,0.0003,,0.0,0,5.17,0.0001,,,7.507,0.0050,0.0050,,0.0,7,3.27,0.0016,,,7.339,2.7785,2.7785,222.3,2.2,4405,13225.93,4.6016,,,9.870,0.0012,0.0012,,0.0,0,1.52,0.0000,,,9.798,38.5343,38.5343,154.1,15.4,14288,14183.26,8.7313,,,10.316,0.0023,0.0023,,0.0,1,1.86,0.0000,,,7.935,0.0006,0.0006,,0.0,1,4.06,0.0001,,,10.147,40.2778,40.2778,161.1,16.1,17170,3391.76,10.4926,,,7.685,0.0008,0.0008,,0.0,1,20.67,0.0002,,,8.057,0.0073,0.0073,,0.0,15,3.55,0.0023,,,8.060,2.3094,2.3094,184.8,1.8,6869,26300.34,7.1757,,
!,!,Sand504,TestSoil7.d,Sample,,9/10/2025 4:30 PM,1.0,,,3.236,0.0409,0.0409,,0.0,42,9.21,0.0015,,,3.225,20.2352,20.2352,202.4,4.0,27344,20730.67,4.5407,,,4.292,0.0381,0.0381,,0.0,53,38.53,0.0032,,,4.307,11.0371,11.0371,220.7,4.4,16496,14565.51,2.9605,,,5.122,0.0117,0.0117,,0.0,9,72.61,0.0005,,,5.118,18.8185,18.8185,188.2,7.5,18040,3797.21,3.2376,,,5.122,0.0019,0.0019,,0.0,1,6.80,0.0003,,,4.979,5.3561,5.3561,214.2,2.1,4610,920.78,4.3626,,,5.436,0.2817,0.2817,,0.1,573,67.93,0.0474,,,4.930,5.1658,5.1658,206.6,2.1,12080,62267.22,2.1679,,,5.120,0.0125,0.0125,,0.0,2,1.66,0.0046,,,4.753,11.5414,11.5414,230.8,4.6,459,1400.33,0.4348,,,5.544,0.0024,0.0024,,0.0,1,20.78,0.0004,,,5.534,0.0033,0.0033,,0.0,5,11.54,0.0005,,,5.415,4.5976,4.5976,183.9,1.8,9634,43171.02,1.7289,,,5.632,0.0004,0.0004,,0.0,1,6.82,0.0000,,,5.979,0.0084,0.0084,,0.0,3,20.97,0.0013,,,5.982,4.9514,4.9514,198.1,2.0,2725,9772.04,2.5791,,,5.824,0.0158,0.0158,,0.0,17,1.46,0.0024,,,5.836,4.6364,4.6364,185.5,1.9,7025,15170.52,23.7093,,,6.167,0.0124,0.0124,,0.0,1,1.26,0.0028,,,5.660,10.5629,10.5629,211.3,4.2,256,548.07,0.2427,,,6.588,0.0018,0.0018,,0.0,1,20.26,0.0003,,,6.236,0.0063,0.0063,,0.0,4,7.72,0.0020,,,6.224,2.6376,2.6376,211.0,2.1,2152,468.15,2.0485,,,8.494,0.0089,0.0089,,0.0,12,204.60,0.0013,,,6.795,0.0369,0.0369,,0.0,14,135.91,0.0060,,,8.483,4.8781,4.8781,195.1,2.0,9345,80068.28,7.7074,,,6.790,4.8448,4.8448,193.8,1.9,2368,11696.32,1.9534,,,9.994,0.0003,0.0003,,0.0,0,4.35,0.0001,,,6.629,0.0023,0.0023,,0.0,2,2.83,0.0007,,,9.921,4.2879,4.2879,171.5,1.7,2373,6059.41,1.9572,,,6.601,2.4621,2.4621,197.0,2.0,2496,9584.09,3.6667,,,10.238,0.0004,0.0004,,0.0,0,5.63,0.0000,,,6.389,0.0215,0.0215,,0.0,1,10.34,0.0042,,,6.418,9.3409,9.3409,186.8,3.7,208,499.79,0.1964,,,7.028,0.0006,0.0006,,0.0,2,13.57,0.0001,,,10.270,3.9919,3.9919,79.8,1.6,2365,2825.53,1.9504,,,7.131,0.0013,0.0013,,0.0,1,15.41,0.0003,,,7.157,0.0034,0.0034,,0.0,3,12.04,0.0012,,,6.883,0.0058,0.0058,,0.0,0,3.83,0.0005,,,6.978,2.7441,2.7441,219.5,2.2,2494,5173.74,3.6632,,,6.660,9.4906,9.4906,189.8,3.8,943,1994.40,0.7777,,,6.874,0.0041,0.0041,,0.0,0,2.65,0.0003,,,6.833,9.2858,9.2858,185.7,3.7,855,1458.93,0.7055,,,7.592,0.0005,0.0005,,0.0,0,1.20,0.0001,,,7.351,0.0072,0.0072,,0.0,7,2.12,0.0023,,,7.339,2.5716,2.5716,205.7,2.1,2899,10634.42,4.2589,,,9.804,0.0030,0.0030,,0.0,1,1.51,0.0001,,,9.798,45.7266,45.7266,182.9,18.3,12562,11945.96,10.3610,,,10.208,0.0028,0.0028,,0.0,1,1.39,0.0000,,,7.893,0.0011,0.0011,,0.0,2,75.11,0.0001,,,10.147,47.0244,47.0244,188.1,18.8,14852,3540.19,12.2501,,,7.627,0.0022,0.0022,,0.0,3,4.80,0.0005,,,8.040,0.0030,0.0030,,0.0,5,5.15,0.0009,,,8.052,2.5783,2.5783,206.3,2.1,5454,16695.22,8.0110,,
!,!,Sand506,TestSoil8.d,Sample,,9/10/2025 4:45 PM,1.0,,,3.236,0.0303,0.0303,,0.0,33,14.28,0.0011,,,3.242,17.8462,17.8462,178.5,3.6,28633,75183.12,4.0046,,,4.300,0.0393,0.0393,,0.0,58,55.88,0.0033,,,4.307,9.7526,9.7526,195.1,3.9,17565,147042.42,2.6159,,,5.220,0.0028,0.0028,,0.0,2,22.42,0.0001,,,5.118,16.9014,16.9014,169.0,6.8,19524,44147.09,2.9077,,,5.172,0.0033,0.0033,,0.0,3,6.01,0.0005,,,4.979,4.8155,4.8155,192.6,1.9,4824,9930.52,3.9223,,,5.461,0.2550,0.2550,,0.1,558,256.29,0.0430,,,4.930,4.6064,4.6064,184.3,1.8,12980,55725.63,1.9332,,,5.120,0.0020,0.0020,,0.0,0,5.81,0.0007,,,4.753,9.8719,9.8719,197.4,3.9,457,1031.29,0.3719,,,5.536,0.0001,0.0001,,0.0,0,2.37,0.0000,,,5.411,0.0090,0.0090,,0.0,15,6.49,0.0015,,,5.415,3.9470,3.9470,157.9,1.6,9966,6129.58,1.4842,,,5.681,0.0010,0.0010,,0.0,2,8.92,0.0001,,,5.938,0.0117,0.0117,,0.0,5,30.19,0.0018,,,5.974,4.4896,4.4896,179.6,1.8,2876,15689.26,2.3385,,,5.832,0.0158,0.0158,,0.0,17,1.59,0.0024,,,5.836,4.8196,4.8196,192.8,1.9,7276,50890.36,24.6460,,,5.862,0.0038,0.0038,,0.0,0,4.23,0.0008,,,5.660,9.1760,9.1760,183.5,3.7,259,1218.13,0.2108,,,6.564,0.0013,0.0013,,0.0,1,1.54,0.0002,,,6.252,0.0105,0.0105,,0.0,7,4.92,0.0033,,,6.224,2.2890,2.2890,183.1,1.8,2175,8336.79,1.7777,,,8.486,0.0130,0.0130,,0.0,18,117.85,0.0019,,,6.770,0.0630,0.0630,,0.0,25,59.48,0.0102,,,8.483,4.2494,4.2494,170.0,1.7,9414,18182.94,6.7140,,,6.790,4.3463,4.3463,173.9,1.7,2457,25390.24,1.7524,,,9.886,0.0013,0.0013,,0.0,1,14.01,0.0003,,,6.629,0.0019,0.0019,,0.0,1,7.99,0.0005,,,9.921,3.6400,3.6400,145.6,1.5,2330,4633.17,1.6615,,,6.601,2.3327,2.3327,186.6,1.9,2734,10285.86,3.4740,,,10.115,0.0057,0.0057,,0.0,1,37.09,0.0005,,,6.471,0.0249,0.0249,,0.0,1,2.46,0.0048,,,6.410,8.4740,8.4740,169.5,3.4,219,509.04,0.1782,,,7.078,0.0018,0.0018,,0.0,7,44.84,0.0003,,,10.262,3.6333,3.6333,72.7,1.5,2489,3324.38,1.7752,,,7.098,0.0013,0.0013,,0.0,1,3.19,0.0002,,,7.000,0.0039,0.0039,,0.0,3,62.84,0.0014,,,6.678,0.0172,0.0172,,0.0,1,15.77,0.0013,,,6.970,2.3341,2.3341,186.7,1.9,2452,7405.25,3.1159,,,6.660,8.5825,8.5825,171.6,3.4,986,4484.02,0.7033,,,6.866,0.0174,0.0174,,0.0,1,7.62,0.0014,,,6.833,8.5022,8.5022,170.0,3.4,906,2754.01,0.6460,,,7.575,0.0001,0.0001,,0.0,0,3.37,0.0000,,,7.449,0.0038,0.0038,,0.0,4,2.35,0.0012,,,7.339,2.3465,2.3465,187.7,1.9,3058,3439.38,3.8861,,,9.887,0.0057,0.0057,,0.0,1,9.05,0.0001,,,9.790,38.7767,38.7767,155.1,15.5,12319,8308.91,8.7862,,,10.241,0.0185,0.0185,,0.0,5,14.14,0.0003,,,7.901,0.0003,0.0003,,0.0,1,16.25,0.0000,,,10.139,41.5374,41.5374,166.1,16.6,15172,7378.85,10.8207,,,7.743,0.0022,0.0022,,0.0,3,35.53,0.0005,,,8.040,0.0059,0.0059,,0.0,10,5.60,0.0018,,,8.052,2.1621,2.1621,173.0,1.7,5286,37981.01,6.7180,,
!,!,Clay537,TestSoil9.d,Sample,,9/10/2025 5:00 PM,1.0,,,3.236,0.0316,0.0316,,0.0,31,6.86,0.0012,,,3.233,16.6742,16.6742,166.7,3.3,25621,3462.59,3.7416,,,4.284,0.0389,0.0389,,0.0,52,11.39,0.0033,,,4.296,9.1826,9.1826,183.7,3.7,16031,10001.05,2.4630,,,5.212,0.0016,0.0016,,0.0,1,15.55,0.0001,,,5.118,15.6898,15.6898,156.9,6.3,17569,3748.84,2.6993,,,4.974,0.0176,0.0176,,0.0,12,38.80,0.0027,,,4.970,4.3028,4.3028,172.1,1.7,4350,26056.76,3.5046,,,5.428,0.2826,0.2826,,0.1,558,84.65,0.0476,,,4.930,4.2901,4.2901,171.6,1.7,11718,30417.00,1.8004,,,4.939,0.0043,0.0043,,0.0,1,2.75,0.0016,,,4.745,9.1666,9.1666,183.3,3.7,429,513.74,0.3454,,,5.495,0.0062,0.0062,,0.0,3,23.69,0.0012,,,5.576,0.0028,0.0028,,0.0,4,2.82,0.0005,,,5.407,3.7625,3.7625,150.5,1.5,9209,13189.08,1.4148,,,5.549,0.0041,0.0041,,0.0,8,25.02,0.0004,,,5.963,0.0174,0.0174,,0.0,7,22.30,0.0026,,,5.974,4.1417,4.1417,165.7,1.7,2678,8015.38,2.1573,,,5.832,0.0638,0.0638,,0.0,65,6.91,0.0095,,,5.828,4.1549,4.1549,166.2,1.7,6813,32314.22,21.2470,,,5.672,0.0165,0.0165,,0.0,1,7.38,0.0037,,,5.652,7.7876,7.7876,155.8,3.1,222,279.90,0.1789,,,6.432,0.0008,0.0008,,0.0,0,4.32,0.0001,,,6.211,0.0012,0.0012,,0.0,1,17.94,0.0004,,,6.216,2.1885,2.1885,175.1,1.8,1944,8024.12,1.6997,,,8.477,0.0145,0.0145,,0.0,19,177.55,0.0021,,,6.770,0.0699,0.0699,,0.0,27,73.49,0.0114,,,8.483,4.1582,4.1582,166.3,1.7,8819,38902.22,6.5701,,,6.781,4.3340,4.3340,173.4,1.7,2346,5359.17,1.7475,,,9.969,0.0009,0.0009,,0.0,1,40.63,0.0002,,,6.645,0.0021,0.0021,,0.0,2,1.84,0.0006,,,9.913,3.7324,3.7324,149.3,1.5,2287,2145.81,1.7037,,,6.592,2.1459,2.1459,171.7,1.7,2437,7290.78,3.1958,,,10.255,0.0012,0.0012,,0.0,0,4.38,0.0001,,,6.257,0.0431,0.0431,,0.0,2,1.29,0.0083,,,6.418,7.9422,7.9422,158.8,3.2,207,649.31,0.1670,,,7.053,0.0097,0.0097,,0.0,32,502.76,0.0018,,,10.253,3.5228,3.5228,70.5,1.4,2310,4290.88,1.7212,,,7.123,0.0123,0.0123,,0.0,5,45.46,0.0023,,,6.951,0.0050,0.0050,,0.0,4,14.52,0.0018,,,6.702,0.0018,0.0018,,0.0,0,1.69,0.0001,,,6.970,2.1840,2.1840,174.7,1.7,2224,7550.45,2.9155,,,6.652,8.2832,8.2832,165.7,3.3,911,634.22,0.6788,,,6.858,0.0557,0.0557,,0.0,4,51.91,0.0045,,,6.824,8.1353,8.1353,162.7,3.3,830,10042.91,0.6181,,,7.550,0.0051,0.0051,,0.0,2,5.17,0.0009,,,7.326,0.0117,0.0117,,0.0,10,3.68,0.0037,,,7.330,2.1636,2.1636,173.1,1.7,2733,555.42,3.5833,,,9.870,0.0077,0.0077,,0.0,2,3.12,0.0001,,,9.790,40.0628,40.0628,160.3,16.0,12185,3214.14,9.0777,,,10.349,0.0011,0.0011,,0.0,0,1.84,0.0000,,,7.993,0.0003,0.0003,,0.0,0,7.79,0.0000,,,10.139,41.0724,41.0724,164.3,16.4,14362,2716.02,10.6996,,,7.677,0.0039,0.0039,,0.0,5,27.44,0.0009,,,8.048,0.0092,0.0092,,0.0,14,9.32,0.0028,,,8.044,2.0392,2.0392,163.1,1.6,4832,36261.53,6.3360,,
,!,CS5,TestSoil10.d,QC,L5,9/10/2025 5:16 PM,1.0,,,3.269,18.5911,18.5911,,1.9,26086,10552.57,0.7001,93.0,,3.267,19.9595,19.9595,199.6,2.0,37259,41386.54,2.2394,199.6,,4.300,8.8191,8.8191,,1.8,16334,6398.71,0.7400,88.2,,4.296,10.8245,10.8245,216.5,2.2,22073,82671.59,1.4517,216.5,,5.113,18.3548,18.3548,,1.8,18831,4393.15,0.7635,91.8,,5.109,18.8570,18.8570,188.6,3.8,24664,15237.51,1.6221,188.6,,4.974,4.3765,4.3765,,1.8,4379,1183.13,0.6845,87.5,,4.970,5.1609,5.1609,206.4,1.0,6397,8394.23,2.1018,206.4,,4.925,4.6238,4.6238,,1.8,12633,11020.50,0.7789,92.5,,4.930,5.0836,5.0836,203.3,1.0,16219,49007.53,1.0667,203.3,,4.749,16.6098,16.6098,,3.3,3472,1819.35,6.0136,83.0,,4.745,10.0693,10.0693,201.4,2.0,577,4927.93,0.1897,201.4,,5.520,4.4785,4.4785,,1.8,3331,6519.91,0.8454,89.6,,5.411,4.3351,4.3351,,1.7,9391,8062.82,0.7012,86.7,,5.407,4.6851,4.6851,187.4,0.9,13394,5323.90,0.8809,187.4,,5.566,18.6897,18.6897,,1.9,49411,7840.48,2.0034,93.4,,5.971,4.5224,4.5224,,1.8,2698,974.02,0.6847,90.4,,5.974,4.9717,4.9717,198.9,1.0,3941,8226.98,1.2948,198.9,,5.824,4.4533,4.4533,,1.8,6245,94.34,0.6662,89.1,,5.828,2.3836,2.3836,95.3,1.0,9375,57293.18,12.1890,95.3,,5.656,17.1820,17.1820,,3.4,1253,1886.98,3.8235,85.9,,5.652,9.3722,9.3722,187.4,1.9,328,780.22,0.1077,187.4,,6.383,4.3605,4.3605,,1.7,2775,3576.89,0.8141,87.2,,6.219,4.6196,4.6196,,3.7,4107,604.58,1.4694,92.4,,6.216,1.2172,1.2172,97.4,1.0,2795,8601.36,0.9453,97.4,,8.477,4.6828,4.6828,,1.9,9336,10400.66,0.6902,93.7,,6.787,4.2896,4.2896,,1.7,2378,4405.50,0.6978,85.8,,8.475,5.0324,5.0324,201.3,1.0,13527,3052.40,3.9756,201.3,,6.781,4.9690,4.9690,198.8,1.0,3408,14202.95,1.0017,198.8,,9.919,4.6636,4.6636,,1.9,4427,1111.28,1.2211,93.3,,6.596,4.4956,4.4956,,3.6,4478,939.53,1.2974,89.9,,9.913,4.6693,4.6693,186.8,0.9,3626,8719.11,1.0656,186.8,,6.601,1.3759,1.3759,110.1,1.1,3452,18140.91,2.0491,110.1,,10.106,4.8249,4.8249,,1.9,1498,1396.37,0.3852,96.5,,6.414,17.6511,17.6511,,3.5,962,3367.85,3.3915,88.3,,6.410,8.8675,8.8675,177.4,1.8,284,549.12,0.0932,177.4,,7.069,18.6414,18.6414,,1.9,86193,152080.94,3.4947,93.2,,10.253,4.6776,4.6776,93.6,0.9,3888,13837.83,1.1427,187.1,,7.164,4.5309,4.5309,,1.8,2878,6653.59,0.8445,90.6,,6.967,4.4936,4.4936,,3.6,4863,2640.71,1.6311,89.9,,6.661,5.1609,5.1609,,1.0,544,1809.57,0.4032,103.2,,6.970,1.3258,1.3258,106.1,1.1,2981,4408.56,1.7699,106.1,,6.652,9.6715,9.6715,193.4,1.9,1348,11070.72,0.3963,193.4,,6.833,4.4457,4.4457,,0.9,438,103.09,0.3598,88.9,,6.833,9.4079,9.4079,188.2,1.9,1216,2774.97,0.3574,188.2,,7.533,4.7265,4.7265,,1.9,2906,17558.34,0.8525,94.5,,7.334,4.5407,4.5407,,3.6,5509,549.39,1.4395,90.8,,7.330,1.3717,1.3717,109.7,1.1,3827,9401.70,2.2717,109.7,,9.812,40.1485,40.1485,,1.6,13349,1201.19,0.7170,80.3,,9.781,48.3001,48.3001,193.2,9.7,18619,10340.64,5.4721,193.2,,10.158,40.5798,40.5798,,1.6,15641,4247.76,0.7186,81.2,,7.810,19.5172,19.5172,,2.0,46180,126384.08,1.8724,97.6,,10.139,49.1114,49.1114,196.4,9.8,21765,5745.36,6.3969,196.4,,7.693,4.0771,4.0771,,3.3,7676,4565.02,0.9802,81.5,,8.040,4.4984,4.4984,,3.6,10780,2154.18,1.3767,90.0,,8.044,1.4962,1.4962,119.7,1.2,7831,22619.37,4.6488,119.7,
!,!,Blank,TestSoil11.d,Sample,,9/10/2025 5:31 PM,1.0,,,3.219,0.0274,0.0274,,0.0,38,16.39,0.0010,,,3.208,9.9287,9.9287,99.3,2.0,36604,28149.28,2.2279,,,4.275,0.0281,0.0281,,0.0,49,51.19,0.0024,,,4.288,5.1410,5.1410,102.8,2.1,20841,77185.92,1.3790,,,5.113,0.0122,0.0122,,0.0,12,85.83,0.0005,,,5.109,9.1685,9.1685,91.7,3.7,23839,185443.92,1.5774,,,5.114,0.0025,0.0025,,0.0,2,13.56,0.0004,,,4.962,2.5662,2.5662,102.6,1.0,6172,16705.61,2.0902,,,5.436,0.2267,0.2267,,0.1,602,222.18,0.0382,,,4.921,2.4866,2.4866,99.5,1.0,15771,110872.22,1.0435,,,5.285,0.0032,0.0032,,0.0,1,87.92,0.0012,,,4.736,4.9880,4.9880,99.8,2.0,555,2617.36,0.1879,,,5.528,0.0008,0.0008,,0.0,1,10.35,0.0001,,,5.411,0.0081,0.0081,,0.0,17,13.17,0.0013,,,5.407,2.2338,2.2338,89.4,0.9,12695,13272.86,0.8400,,,5.541,0.0005,0.0005,,0.0,1,2.71,0.0001,,,5.955,0.0152,0.0152,,0.0,9,57.54,0.0023,,,5.966,2.5178,2.5178,100.7,1.0,3872,18733.90,1.3115,,,5.791,0.0329,0.0329,,0.0,45,1.91,0.0049,,,5.828,2.5494,2.5494,102.0,1.0,9233,20770.25,13.0371,,,5.788,0.0033,0.0033,,0.0,0,2.16,0.0007,,,5.652,4.7085,4.7085,94.2,1.9,319,1231.98,0.1082,,,6.449,0.0006,0.0006,,0.0,0,2.69,0.0001,,,6.244,0.0067,0.0067,,0.0,6,8.64,0.0021,,,6.216,1.2586,1.2586,100.7,1.0,2671,5149.13,0.9774,,,8.477,0.0112,0.0112,,0.0,22,131.44,0.0016,,,6.770,0.0392,0.0392,,0.0,20,4.29,0.0064,,,8.475,2.5518,2.5518,102.1,1.0,13109,80898.80,4.0319,,,6.781,2.3861,2.3861,95.4,1.0,3128,12174.71,0.9621,,,9.986,0.0002,0.0002,,0.0,0,5.03,0.0000,,,6.571,0.0018,0.0018,,0.0,2,2.03,0.0005,,,9.913,2.4719,2.4719,98.9,1.0,3668,4879.51,1.1283,,,6.592,1.2968,1.2968,103.7,1.0,3247,5336.73,1.9313,,,10.222,0.0060,0.0060,,0.0,2,17.08,0.0005,,,6.454,0.0013,0.0013,,0.0,0,0.74,0.0002,,,6.410,5.0230,5.0230,100.5,2.0,312,895.24,0.1056,,,7.086,0.0039,0.0039,,0.0,18,60.44,0.0007,,,10.253,2.3979,2.3979,48.0,1.0,3809,7366.97,1.1716,,,7.156,0.0037,0.0037,,0.0,2,21.85,0.0007,,,7.115,0.0006,0.0006,,0.0,1,1.69,0.0002,,,6.752,0.0041,0.0041,,0.0,0,1.75,0.0003,,,6.962,1.2634,1.2634,101.1,1.0,2835,8939.88,1.6866,,,6.652,5.1731,5.1731,103.5,2.1,1378,2917.23,0.4239,,,6.882,0.0341,0.0341,,0.0,3,31.82,0.0028,,,6.824,4.9283,4.9283,98.6,2.0,1217,4497.88,0.3745,,,7.533,0.0023,0.0023,,0.0,1,14.76,0.0004,,,7.302,0.0053,0.0053,,0.0,6,1.26,0.0017,,,7.330,1.3269,1.3269,106.2,1.1,3694,16522.08,2.1976,,,9.821,0.0025,0.0025,,0.0,1,11.13,0.0000,,,9.781,23.7994,23.7994,95.2,9.5,17533,19344.32,5.3926,,,10.133,0.0251,0.0251,,0.0,9,7.48,0.0004,,,7.802,0.0047,0.0047,,0.0,11,130.39,0.0004,,,10.130,22.9817,22.9817,91.9,9.2,19465,13454.71,5.9868,,,7.668,0.0033,0.0033,,0.0,6,3.86,0.0008,,,8.073,0.0040,0.0040,,0.0,9,6.07,0.0012,,,8.044,1.4359,1.4359,114.9,1.1,7500,25075.37,4.4615,,
!,!,Rinse,TestSoil12.d,Sample,,9/10/2025 5:46 PM,1.0,,,3.253,214.2430,214.2430,,21.4,15,8.89,8.0682,,,3.267,4.3284,4.3284,43.3,0.9,2,10.33,0.9713,,,4.259,348.6723,348.6723,,69.7,34,9.08,29.2569,,,4.280,5.7721,5.7721,115.4,2.3,1,11.19,1.5482,,,5.212,2.7515,2.7515,,0.3,1,7.72,0.1145,,,5.242,59.9887,59.9887,599.9,24.0,8,13.96,10.3206,,,5.106,8.2459,8.2459,,3.3,3,10.34,1.2891,,,5.110,4.7927,4.7927,191.7,1.9,2,3.56,3.9037,,,5.428,4729.5656,4729.5656,,1891.8,630,137.85,796.6936,,,5.045,2.5380,2.5380,101.5,1.0,1,3.30,1.0651,,,5.104,1.4649,1.4649,,0.3,1,2.54,0.5361,,,4.802,50.9304,50.9304,1018.6,20.4,1,6.29,1.9188,,,5.478,16.0797,16.0797,,6.4,1,14.89,3.0427,,,5.502,27.2081,27.2081,,10.9,5,3.96,4.4007,,,5.415,4.0349,4.0349,161.4,1.6,1,23.03,1.5173,,,5.623,1.4094,1.4094,,0.1,1,11.08,0.1511,,,5.979,38.0315,38.0315,,15.2,2,183.56,5.7578,,,6.057,1.1252,1.1252,45.0,0.5,0,3.54,0.5861,,,5.832,174.6441,174.6441,,69.9,11,3.14,26.1243,,,5.910,0.1217,0.1217,4.9,0.0,0,5.05,0.6225,,,5.862,5.9365,5.9365,,1.2,0,1.47,1.3210,,,5.685,6.6945,6.6945,133.9,2.7,0,0.85,0.1538,,,6.474,2.7558,2.7558,,1.1,1,2.64,0.5145,,,6.269,4.7320,4.7320,,3.8,4,2.42,1.5054,,,6.256,1.3652,1.3652,109.2,1.1,2,12.98,1.0603,,,8.502,1.6505,1.6505,,0.7,0,4.26,0.2426,,,7.025,1.9545,1.9545,,0.8,0,1.81,0.3179,,,8.452,1.1291,1.1291,45.2,0.5,2,27.17,1.7840,,,6.700,3.0309,3.0309,121.2,1.2,1,6.24,1.2221,,,9.994,0.4061,0.4061,,0.2,0,3.16,0.1061,,,6.604,0.5816,0.5816,,0.5,1,25.24,0.1678,,,9.879,1.4716,1.4716,58.9,0.6,1,4.15,0.6717,,,6.404,1.9668,1.9668,157.3,1.6,4,2.27,2.9291,,,10.222,10.2886,10.2886,,4.1,0,5.25,0.8236,,,6.454,2.8416,2.8416,,0.6,1,4.11,0.5498,,,6.476,145.4291,145.4291,2908.6,58.2,2,5.64,3.0578,,,7.045,4.3616,4.3616,,0.4,6,134.95,0.8194,,,10.320,0.8708,0.8708,17.4,0.3,0,4.31,0.4255,,,7.074,2.7381,2.7381,,1.1,1,13.76,0.5111,,,7.058,9.3655,9.3655,,7.5,1,5.10,3.3994,,,6.727,1.7121,1.7121,,0.3,0,2.43,0.1339,,,7.151,0.1464,0.1464,11.7,0.1,0,2.14,0.1955,,,6.652,28.7049,28.7049,574.1,11.5,2,7.45,2.3522,,,6.874,30.8288,30.8288,,6.2,1,7.90,2.4288,,,6.931,5.4413,5.4413,108.8,2.2,0,1.79,0.4134,,,7.533,1.6746,1.6746,,0.7,0,15.50,0.3009,,,7.482,9.3522,9.3522,,7.5,7,2.12,2.9623,,,7.330,1.0775,1.0775,86.2,0.9,3,20.20,1.7844,,,9.829,4.2579,4.2579,,0.2,0,1.73,0.0765,,,9.748,18.8179,18.8179,75.3,7.5,4,8.87,4.2639,,,10.266,11.4465,11.4465,,0.5,2,1.39,0.2037,,,7.935,0.7730,0.7730,,0.1,1,5.33,0.0735,,,10.155,32.6630,32.6630,130.7,13.1,8,4.21,8.5089,,,7.726,1.2469,1.2469,,1.0,0,5.42,0.3013,,,8.065,3.8649,3.8649,,3.1,2,1.27,1.1835,,,8.085,0.2946,0.2946,23.6,0.2,1,38.84,0.9154,,
